id,user_id,product_id,interaction_type,session_id,metadata,created_at
9044a0ff-3a34-479d-b60a-7a5939637a95,7dba91f3-cb5a-40ce-9269-30acbde046f1,a72d121a-7487-438d-b961-cbbf19626135,search_click,51507fb7a4f444a59ffb1620de31651e,"{""query"": ""Oxford Button-Down Shirt classic luxury"", ""rank"": 1, ""device"": ""desktop""}",2025-09-03 16:08:54.756240+00
68f5bf45-e5aa-4a53-ab55-86e0e138b32d,7dba91f3-cb5a-40ce-9269-30acbde046f1,a72d121a-7487-438d-b961-cbbf19626135,view,51507fb7a4f444a59ffb1620de31651e,"{""referrer"": ""search"", ""dwell_sec"": 16}",2025-09-03 16:09:00.756240+00
d0ab485f-800c-422c-9571-7bfb0af6b4c9,7dba91f3-cb5a-40ce-9269-30acbde046f1,80bf27c4-ceeb-45bb-b9d0-3696000167be,search_click,51507fb7a4f444a59ffb1620de31651e,"{""query"": ""Oxford Button-Down Shirt classic luxury"", ""rank"": 2, ""device"": ""mobile""}",2025-09-03 16:09:29.756240+00
dde3315b-41a4-4a1b-87db-062aa0aeab01,7dba91f3-cb5a-40ce-9269-30acbde046f1,80bf27c4-ceeb-45bb-b9d0-3696000167be,view,51507fb7a4f444a59ffb1620de31651e,"{""referrer"": ""search"", ""dwell_sec"": 49}",2025-09-03 16:09:43.756240+00
f87b517a-2f18-4c25-8607-2f33385b6b79,7dba91f3-cb5a-40ce-9269-30acbde046f1,a72d121a-7487-438d-b961-cbbf19626135,search_click,51507fb7a4f444a59ffb1620de31651e,"{""query"": ""Oxford Button-Down Shirt classic luxury"", ""rank"": 3, ""device"": ""desktop""}",2025-09-03 16:10:26.756240+00
94ab0972-272e-4170-bb6b-e1f8307e72f2,7dba91f3-cb5a-40ce-9269-30acbde046f1,a72d121a-7487-438d-b961-cbbf19626135,view,51507fb7a4f444a59ffb1620de31651e,"{""referrer"": ""search"", ""dwell_sec"": 63}",2025-09-03 16:10:30.756240+00
8940c120-f11c-4e2e-9985-f0b8973e4bb9,7dba91f3-cb5a-40ce-9269-30acbde046f1,80bf27c4-ceeb-45bb-b9d0-3696000167be,wishlist_add,51507fb7a4f444a59ffb1620de31651e,{},2025-09-03 16:11:09.756240+00
6473e546-949c-4384-a85a-7de95b342c19,7dba91f3-cb5a-40ce-9269-30acbde046f1,a72d121a-7487-438d-b961-cbbf19626135,add_to_cart,51507fb7a4f444a59ffb1620de31651e,"{""variant_id"": ""09edce58-18d8-457d-8769-c9ef1763fbfd"", ""quantity"": 1}",2025-09-03 16:11:19.756240+00
5d29463a-bdcb-4434-9d75-36ed43eda3c2,7dba91f3-cb5a-40ce-9269-30acbde046f1,d9fd706a-05fe-4cbf-aa17-ef87fba1bb1b,search_click,95719bbb5d53414089b887a48453b90a,"{""query"": ""cozy winter streetwear"", ""rank"": 1, ""device"": ""mobile""}",2025-08-17 01:46:54.756240+00
4101056a-bc71-4047-be95-b022e9640154,7dba91f3-cb5a-40ce-9269-30acbde046f1,d9fd706a-05fe-4cbf-aa17-ef87fba1bb1b,view,95719bbb5d53414089b887a48453b90a,"{""referrer"": ""search"", ""dwell_sec"": 9}",2025-08-17 01:47:04.756240+00
6975293e-4ccc-4f01-894c-9215ee27092e,7dba91f3-cb5a-40ce-9269-30acbde046f1,a31954ad-5c6c-4a28-9cb0-2c6c3dfe99cd,search_click,95719bbb5d53414089b887a48453b90a,"{""query"": ""cozy winter streetwear"", ""rank"": 2, ""device"": ""desktop""}",2025-08-17 01:48:00.756240+00
640d0ea8-8640-4e59-aed5-96cd6f1bd384,7dba91f3-cb5a-40ce-9269-30acbde046f1,a31954ad-5c6c-4a28-9cb0-2c6c3dfe99cd,view,95719bbb5d53414089b887a48453b90a,"{""referrer"": ""search"", ""dwell_sec"": 39}",2025-08-17 01:48:15.756240+00
c6ecfc6c-362e-407e-9391-3f4e4cdb80a1,7dba91f3-cb5a-40ce-9269-30acbde046f1,d9fd706a-05fe-4cbf-aa17-ef87fba1bb1b,search_click,95719bbb5d53414089b887a48453b90a,"{""query"": ""cozy winter streetwear"", ""rank"": 3, ""device"": ""mobile""}",2025-08-17 01:48:24.756240+00
162b1bde-39ef-436d-b203-18405b1f36ba,7dba91f3-cb5a-40ce-9269-30acbde046f1,d9fd706a-05fe-4cbf-aa17-ef87fba1bb1b,view,95719bbb5d53414089b887a48453b90a,"{""referrer"": ""search"", ""dwell_sec"": 32}",2025-08-17 01:48:37.756240+00
a0f3333b-2563-4a1e-a360-080331947939,7dba91f3-cb5a-40ce-9269-30acbde046f1,58bce0b5-fe59-44c4-a5e4-0242444215bf,search_click,95719bbb5d53414089b887a48453b90a,"{""query"": ""cozy winter streetwear"", ""rank"": 4, ""device"": ""desktop""}",2025-08-17 01:49:23.756240+00
34210bc0-e974-4c58-80e9-9b2aa2dd1f56,7dba91f3-cb5a-40ce-9269-30acbde046f1,58bce0b5-fe59-44c4-a5e4-0242444215bf,view,95719bbb5d53414089b887a48453b90a,"{""referrer"": ""search"", ""dwell_sec"": 87}",2025-08-17 01:49:38.756240+00
f2104837-0fea-4d5b-b933-3d79ca51920f,7dba91f3-cb5a-40ce-9269-30acbde046f1,979f809c-bc8f-4eec-89ce-de32b4175b32,search_click,95719bbb5d53414089b887a48453b90a,"{""query"": ""cozy winter streetwear"", ""rank"": 5, ""device"": ""mobile""}",2025-08-17 01:50:12.756240+00
d9e8d263-08bd-415c-92ab-57842bbb586e,7dba91f3-cb5a-40ce-9269-30acbde046f1,979f809c-bc8f-4eec-89ce-de32b4175b32,view,95719bbb5d53414089b887a48453b90a,"{""referrer"": ""search"", ""dwell_sec"": 22}",2025-08-17 01:50:23.756240+00
e83516a0-70fc-45e8-a71b-e80a3a956d44,7dba91f3-cb5a-40ce-9269-30acbde046f1,979f809c-bc8f-4eec-89ce-de32b4175b32,add_to_cart,95719bbb5d53414089b887a48453b90a,"{""variant_id"": ""a08e6120-aecf-47ac-b82a-3deeb3e190f1"", ""quantity"": 1}",2025-08-17 01:50:43.756240+00
f8f2a277-a149-4e73-8541-7c41c7043512,7dba91f3-cb5a-40ce-9269-30acbde046f1,979f809c-bc8f-4eec-89ce-de32b4175b32,abandon_cart,95719bbb5d53414089b887a48453b90a,{},2025-08-17 01:50:51.756240+00
23274105-d621-4b07-a901-4b9133787adc,694c59a6-b923-41fc-8683-14b185f3054a,274fb507-6d75-46b0-87f5-8d873644c52c,search_click,0752a15893814f15bb7597606b932290,"{""query"": ""summer breathable formal"", ""rank"": 1, ""device"": ""mobile""}",2025-08-22 08:49:54.756240+00
13e1c165-e121-4dfa-a072-c4c58867abc3,694c59a6-b923-41fc-8683-14b185f3054a,274fb507-6d75-46b0-87f5-8d873644c52c,view,0752a15893814f15bb7597606b932290,"{""referrer"": ""search"", ""dwell_sec"": 25}",2025-08-22 08:50:08.756240+00
c6dec7eb-6215-46ff-8a44-5cd641b83826,694c59a6-b923-41fc-8683-14b185f3054a,d9fd706a-05fe-4cbf-aa17-ef87fba1bb1b,search_click,0752a15893814f15bb7597606b932290,"{""query"": ""summer breathable formal"", ""rank"": 2, ""device"": ""mobile""}",2025-08-22 08:50:47.756240+00
cefc7bb2-dd85-4cdb-bff8-494789ca1da6,694c59a6-b923-41fc-8683-14b185f3054a,d9fd706a-05fe-4cbf-aa17-ef87fba1bb1b,view,0752a15893814f15bb7597606b932290,"{""referrer"": ""search"", ""dwell_sec"": 67}",2025-08-22 08:51:00.756240+00
89d78537-db90-4b4e-85ec-4b0e8a4bcc98,694c59a6-b923-41fc-8683-14b185f3054a,d9fd706a-05fe-4cbf-aa17-ef87fba1bb1b,wishlist_add,0752a15893814f15bb7597606b932290,{},2025-08-22 08:51:06.756240+00
494053a4-f4db-432a-9f02-eb47551fd19b,694c59a6-b923-41fc-8683-14b185f3054a,274fb507-6d75-46b0-87f5-8d873644c52c,add_to_cart,0752a15893814f15bb7597606b932290,"{""variant_id"": ""9bba37b9-5099-4190-a8eb-08fb51c3538b"", ""quantity"": 2}",2025-08-22 08:51:30.756240+00
7966aa5b-486f-4eed-8bae-91597dff2800,694c59a6-b923-41fc-8683-14b185f3054a,274fb507-6d75-46b0-87f5-8d873644c52c,checkout_start,0752a15893814f15bb7597606b932290,{},2025-08-22 08:52:09.756240+00
a5edf2fe-51f1-4d69-8a0c-d6f41c5a1c93,694c59a6-b923-41fc-8683-14b185f3054a,6d056ecb-5e47-44bb-b9ef-d33e87f98d96,search_click,2243b1b9e69c40e39118365444e2f372,"{""query"": ""classic leather sustainable"", ""rank"": 1, ""device"": ""desktop""}",2025-09-24 12:15:54.756240+00
7ad809cc-6ba4-45d1-8cc4-e2e99e99b81f,694c59a6-b923-41fc-8683-14b185f3054a,6d056ecb-5e47-44bb-b9ef-d33e87f98d96,view,2243b1b9e69c40e39118365444e2f372,"{""referrer"": ""search"", ""dwell_sec"": 70}",2025-09-24 12:15:59.756240+00
9a76bc0f-3cf2-435c-a7f5-897524e0c27d,694c59a6-b923-41fc-8683-14b185f3054a,60a51ad1-ba52-43e5-9218-54e27ca857e0,search_click,2243b1b9e69c40e39118365444e2f372,"{""query"": ""classic leather sustainable"", ""rank"": 2, ""device"": ""desktop""}",2025-09-24 12:16:19.756240+00
f6806a6d-52ea-4887-b1c9-6b5a8e48f447,694c59a6-b923-41fc-8683-14b185f3054a,60a51ad1-ba52-43e5-9218-54e27ca857e0,view,2243b1b9e69c40e39118365444e2f372,"{""referrer"": ""search"", ""dwell_sec"": 32}",2025-09-24 12:16:37.756240+00
10c2ab79-928b-4186-bcf7-a57225e965fa,694c59a6-b923-41fc-8683-14b185f3054a,60a51ad1-ba52-43e5-9218-54e27ca857e0,search_click,2243b1b9e69c40e39118365444e2f372,"{""query"": ""classic leather sustainable"", ""rank"": 3, ""device"": ""mobile""}",2025-09-24 12:17:16.756240+00
f8c666e0-6b02-4fbc-a274-fc59a7736e56,694c59a6-b923-41fc-8683-14b185f3054a,60a51ad1-ba52-43e5-9218-54e27ca857e0,view,2243b1b9e69c40e39118365444e2f372,"{""referrer"": ""search"", ""dwell_sec"": 36}",2025-09-24 12:17:34.756240+00
99179903-8c5a-4874-832c-a294c363c833,694c59a6-b923-41fc-8683-14b185f3054a,100a25a8-1074-4082-bf3e-619e6bf0ed06,search_click,2243b1b9e69c40e39118365444e2f372,"{""query"": ""classic leather sustainable"", ""rank"": 4, ""device"": ""desktop""}",2025-09-24 12:18:29.756240+00
b2b456b6-199c-48b9-9f69-c889cfebdea7,694c59a6-b923-41fc-8683-14b185f3054a,100a25a8-1074-4082-bf3e-619e6bf0ed06,view,2243b1b9e69c40e39118365444e2f372,"{""referrer"": ""search"", ""dwell_sec"": 29}",2025-09-24 12:18:45.756240+00
95826513-e767-42fa-b4ec-51ca2caffb45,694c59a6-b923-41fc-8683-14b185f3054a,100a25a8-1074-4082-bf3e-619e6bf0ed06,wishlist_add,2243b1b9e69c40e39118365444e2f372,{},2025-09-24 12:18:56.756240+00
02fd688a-5228-4c31-b6b0-ec13dc0a4bbf,694c59a6-b923-41fc-8683-14b185f3054a,6d056ecb-5e47-44bb-b9ef-d33e87f98d96,add_to_cart,2243b1b9e69c40e39118365444e2f372,"{""variant_id"": ""78f495d4-109a-4d87-9e88-202641f031d5"", ""quantity"": 1}",2025-09-24 12:19:23.756240+00
7b99a490-86f8-48ca-b3b5-adc5d42270c0,694c59a6-b923-41fc-8683-14b185f3054a,6d056ecb-5e47-44bb-b9ef-d33e87f98d96,abandon_cart,2243b1b9e69c40e39118365444e2f372,{},2025-09-24 12:19:49.756240+00
acc331a8-95a1-4781-9e2f-9e33f00822b2,694c59a6-b923-41fc-8683-14b185f3054a,b0de0f60-82c8-4e43-a209-4528f01d0b4a,search_click,7477729f07af47429ae976971c08267d,"{""query"": ""elegant pleated formal winter"", ""rank"": 1, ""device"": ""desktop""}",2025-09-28 11:42:54.756240+00
23abfd78-4a05-484f-b93c-173461023ef9,694c59a6-b923-41fc-8683-14b185f3054a,b0de0f60-82c8-4e43-a209-4528f01d0b4a,view,7477729f07af47429ae976971c08267d,"{""referrer"": ""search"", ""dwell_sec"": 66}",2025-09-28 11:43:12.756240+00
6c903d26-ce28-4de4-8fd3-96672c83ddbe,694c59a6-b923-41fc-8683-14b185f3054a,80bf27c4-ceeb-45bb-b9d0-3696000167be,search_click,7477729f07af47429ae976971c08267d,"{""query"": ""elegant pleated formal winter"", ""rank"": 2, ""device"": ""desktop""}",2025-09-28 11:43:30.756240+00
5f4ac8d2-759e-4f61-8d20-025ebaac725e,694c59a6-b923-41fc-8683-14b185f3054a,80bf27c4-ceeb-45bb-b9d0-3696000167be,view,7477729f07af47429ae976971c08267d,"{""referrer"": ""search"", ""dwell_sec"": 26}",2025-09-28 11:43:34.756240+00
57e43338-cb40-4660-a28e-c07e43002910,694c59a6-b923-41fc-8683-14b185f3054a,a72d121a-7487-438d-b961-cbbf19626135,search_click,7477729f07af47429ae976971c08267d,"{""query"": ""elegant pleated formal winter"", ""rank"": 3, ""device"": ""mobile""}",2025-09-28 11:44:03.756240+00
b2d68dec-935c-4652-b93d-1daf0cea3c80,694c59a6-b923-41fc-8683-14b185f3054a,a72d121a-7487-438d-b961-cbbf19626135,view,7477729f07af47429ae976971c08267d,"{""referrer"": ""search"", ""dwell_sec"": 38}",2025-09-28 11:44:18.756240+00
45c87120-535b-4ebc-b512-5e93d1424ea9,694c59a6-b923-41fc-8683-14b185f3054a,b0de0f60-82c8-4e43-a209-4528f01d0b4a,add_to_cart,7477729f07af47429ae976971c08267d,"{""variant_id"": ""e023286b-ba77-43ea-8ee0-f02e3c772f42"", ""quantity"": 1}",2025-09-28 11:45:13.756240+00
f3b72af0-978d-4572-87fc-ce32302326da,694c59a6-b923-41fc-8683-14b185f3054a,a72d121a-7487-438d-b961-cbbf19626135,add_to_cart,7477729f07af47429ae976971c08267d,"{""variant_id"": ""09edce58-18d8-457d-8769-c9ef1763fbfd"", ""quantity"": 1}",2025-09-28 11:45:21.756240+00
9d066b34-b094-4308-b51c-efe18c8b332b,694c59a6-b923-41fc-8683-14b185f3054a,b0de0f60-82c8-4e43-a209-4528f01d0b4a,checkout_start,7477729f07af47429ae976971c08267d,{},2025-09-28 11:45:58.756240+00
559645bc-e189-4b52-87d2-6330be475b66,694c59a6-b923-41fc-8683-14b185f3054a,8b635074-268f-466c-949e-aaaf0b143834,search_click,92981056cc24416daab52fc98b53733a,"{""query"": ""limited suede winter sustainable"", ""rank"": 1, ""device"": ""mobile""}",2025-10-06 10:06:54.756240+00
8f67d968-10b2-4316-a81d-97cc016e3e7a,694c59a6-b923-41fc-8683-14b185f3054a,8b635074-268f-466c-949e-aaaf0b143834,view,92981056cc24416daab52fc98b53733a,"{""referrer"": ""search"", ""dwell_sec"": 55}",2025-10-06 10:07:05.756240+00
eb2a75fb-eb24-46d6-8b16-c83f67260ca4,694c59a6-b923-41fc-8683-14b185f3054a,60a51ad1-ba52-43e5-9218-54e27ca857e0,search_click,92981056cc24416daab52fc98b53733a,"{""query"": ""limited suede winter sustainable"", ""rank"": 2, ""device"": ""desktop""}",2025-10-06 10:07:18.756240+00
895bcfe1-8071-45c0-9c8c-5f5ef933a4cd,694c59a6-b923-41fc-8683-14b185f3054a,60a51ad1-ba52-43e5-9218-54e27ca857e0,view,92981056cc24416daab52fc98b53733a,"{""referrer"": ""search"", ""dwell_sec"": 45}",2025-10-06 10:07:35.756240+00
71422284-e5f2-4319-9410-c1ce5d952666,694c59a6-b923-41fc-8683-14b185f3054a,80bf27c4-ceeb-45bb-b9d0-3696000167be,search_click,92981056cc24416daab52fc98b53733a,"{""query"": ""limited suede winter sustainable"", ""rank"": 3, ""device"": ""mobile""}",2025-10-06 10:08:28.756240+00
0b35917a-a4ce-4861-bf72-3c09ee3a9311,694c59a6-b923-41fc-8683-14b185f3054a,80bf27c4-ceeb-45bb-b9d0-3696000167be,view,92981056cc24416daab52fc98b53733a,"{""referrer"": ""search"", ""dwell_sec"": 63}",2025-10-06 10:08:31.756240+00
1f9812db-3b67-4c61-bfc3-75f1862e5c70,694c59a6-b923-41fc-8683-14b185f3054a,80bf27c4-ceeb-45bb-b9d0-3696000167be,add_to_cart,92981056cc24416daab52fc98b53733a,"{""variant_id"": ""9e9e1526-9f9e-4a4f-9d26-e46aa416f9f4"", ""quantity"": 1}",2025-10-06 10:09:15.756240+00
94110d19-a734-48ad-943b-7b54e22c9551,247b42be-a386-445d-a14c-13dc84560097,4b118e6e-16fe-4b89-b29c-17edd6303d62,search_click,140cbd787d3042c4a1071801761699f0,"{""query"": ""Linen Summer Blazer workwear casual"", ""rank"": 1, ""device"": ""desktop""}",2025-08-16 00:54:54.756240+00
b685e7c6-0d0a-4bb8-8bb9-5fe8ea28ae24,247b42be-a386-445d-a14c-13dc84560097,4b118e6e-16fe-4b89-b29c-17edd6303d62,view,140cbd787d3042c4a1071801761699f0,"{""referrer"": ""search"", ""dwell_sec"": 19}",2025-08-16 00:54:57.756240+00
2f41a831-1423-4dad-a974-413da4229e7c,247b42be-a386-445d-a14c-13dc84560097,45e64d53-de11-4614-8e1b-3b16aac95357,search_click,140cbd787d3042c4a1071801761699f0,"{""query"": ""Linen Summer Blazer workwear casual"", ""rank"": 2, ""device"": ""mobile""}",2025-08-16 00:55:06.756240+00
ad6dfa00-1e8e-42bc-8c43-d3004c463adf,247b42be-a386-445d-a14c-13dc84560097,45e64d53-de11-4614-8e1b-3b16aac95357,view,140cbd787d3042c4a1071801761699f0,"{""referrer"": ""search"", ""dwell_sec"": 52}",2025-08-16 00:55:10.756240+00
d5005ec5-4d7b-4b7c-b5b8-e4a2b917ee25,247b42be-a386-445d-a14c-13dc84560097,80bf27c4-ceeb-45bb-b9d0-3696000167be,search_click,140cbd787d3042c4a1071801761699f0,"{""query"": ""Linen Summer Blazer workwear casual"", ""rank"": 3, ""device"": ""mobile""}",2025-08-16 00:55:52.756240+00
b78e5273-a4fc-4571-9f9e-078227473bf3,247b42be-a386-445d-a14c-13dc84560097,80bf27c4-ceeb-45bb-b9d0-3696000167be,view,140cbd787d3042c4a1071801761699f0,"{""referrer"": ""search"", ""dwell_sec"": 21}",2025-08-16 00:56:08.756240+00
86d35c04-8132-4b16-b845-c6e949b596e7,247b42be-a386-445d-a14c-13dc84560097,4b118e6e-16fe-4b89-b29c-17edd6303d62,wishlist_add,140cbd787d3042c4a1071801761699f0,{},2025-08-16 00:56:15.756240+00
b1351e1a-6913-461f-b37b-42b8625d02e1,247b42be-a386-445d-a14c-13dc84560097,80bf27c4-ceeb-45bb-b9d0-3696000167be,add_to_cart,140cbd787d3042c4a1071801761699f0,"{""variant_id"": ""e30c40c5-80c2-43fb-814b-8237ad3c2656"", ""quantity"": 2}",2025-08-16 00:56:42.756240+00
e7d14724-b897-4cd6-84dd-70fae8197816,247b42be-a386-445d-a14c-13dc84560097,80bf27c4-ceeb-45bb-b9d0-3696000167be,checkout_start,140cbd787d3042c4a1071801761699f0,{},2025-08-16 00:57:26.756240+00
32596a73-28fd-4401-889c-8eb9ec5fab13,247b42be-a386-445d-a14c-13dc84560097,b6ce3169-694b-4c53-97e3-97364d3c6f4b,search_click,bd4d6f0731f0441b9c27db27de711a1d,"{""query"": ""casual essentials"", ""rank"": 1, ""device"": ""mobile""}",2025-08-15 16:09:54.756240+00
b34631ff-dec5-4a7a-8331-a798bc466633,247b42be-a386-445d-a14c-13dc84560097,b6ce3169-694b-4c53-97e3-97364d3c6f4b,view,bd4d6f0731f0441b9c27db27de711a1d,"{""referrer"": ""search"", ""dwell_sec"": 47}",2025-08-15 16:10:09.756240+00
019bdecf-5c2b-41c3-9540-f235a9f7ff0e,247b42be-a386-445d-a14c-13dc84560097,b6ce3169-694b-4c53-97e3-97364d3c6f4b,search_click,bd4d6f0731f0441b9c27db27de711a1d,"{""query"": ""casual essentials"", ""rank"": 2, ""device"": ""mobile""}",2025-08-15 16:10:31.756240+00
2fd18b45-878a-45ad-b4a2-7d73ae30cf08,247b42be-a386-445d-a14c-13dc84560097,b6ce3169-694b-4c53-97e3-97364d3c6f4b,view,bd4d6f0731f0441b9c27db27de711a1d,"{""referrer"": ""search"", ""dwell_sec"": 49}",2025-08-15 16:10:42.756240+00
f2586850-b795-4d37-afa5-36a3f29d0c38,247b42be-a386-445d-a14c-13dc84560097,b0925a87-018c-48ca-a1dd-fa67f1d7446a,search_click,bd4d6f0731f0441b9c27db27de711a1d,"{""query"": ""casual essentials"", ""rank"": 3, ""device"": ""desktop""}",2025-08-15 16:11:28.756240+00
a224097f-bc56-47d8-9a96-98575f7e4c35,247b42be-a386-445d-a14c-13dc84560097,b0925a87-018c-48ca-a1dd-fa67f1d7446a,view,bd4d6f0731f0441b9c27db27de711a1d,"{""referrer"": ""search"", ""dwell_sec"": 8}",2025-08-15 16:11:41.756240+00
a7c9b460-cce5-4032-ace9-bd26e0ef1f66,247b42be-a386-445d-a14c-13dc84560097,1d19f678-f760-4786-9b01-1fb8917f0220,search_click,bd4d6f0731f0441b9c27db27de711a1d,"{""query"": ""casual essentials"", ""rank"": 4, ""device"": ""desktop""}",2025-08-15 16:11:53.756240+00
d60b694e-4119-4417-8df5-a3c9d94d5273,247b42be-a386-445d-a14c-13dc84560097,1d19f678-f760-4786-9b01-1fb8917f0220,view,bd4d6f0731f0441b9c27db27de711a1d,"{""referrer"": ""search"", ""dwell_sec"": 79}",2025-08-15 16:12:01.756240+00
d1cac937-8c28-43ac-8fa3-6dcf79d04858,247b42be-a386-445d-a14c-13dc84560097,1d19f678-f760-4786-9b01-1fb8917f0220,wishlist_add,bd4d6f0731f0441b9c27db27de711a1d,{},2025-08-15 16:12:22.756240+00
11454d34-c4fe-43dc-8488-2bf0d7e3e213,247b42be-a386-445d-a14c-13dc84560097,b0925a87-018c-48ca-a1dd-fa67f1d7446a,add_to_cart,bd4d6f0731f0441b9c27db27de711a1d,"{""variant_id"": ""a730fe49-722d-461a-8290-bb61d5823708"", ""quantity"": 1}",2025-08-15 16:12:49.756240+00
7651dc86-5bba-45ec-9eb2-f289a6da9ff0,247b42be-a386-445d-a14c-13dc84560097,b0925a87-018c-48ca-a1dd-fa67f1d7446a,abandon_cart,bd4d6f0731f0441b9c27db27de711a1d,{},2025-08-15 16:13:21.756240+00
1b49c494-3747-4ea6-9887-a7dc62d82249,bb73c19e-1d1c-4430-8e84-1f922ebfd19f,100a25a8-1074-4082-bf3e-619e6bf0ed06,search_click,acfe7d94390c42bbbcdfd92c13c5321b,"{""query"": ""classic wool summer"", ""rank"": 1, ""device"": ""mobile""}",2025-09-20 16:26:54.756240+00
8502297f-490f-49d6-ba49-8db2d85f57f6,bb73c19e-1d1c-4430-8e84-1f922ebfd19f,100a25a8-1074-4082-bf3e-619e6bf0ed06,view,acfe7d94390c42bbbcdfd92c13c5321b,"{""referrer"": ""search"", ""dwell_sec"": 70}",2025-09-20 16:27:06.756240+00
81b6edb9-a755-4b7f-a8bc-97cfafab8b21,bb73c19e-1d1c-4430-8e84-1f922ebfd19f,a31954ad-5c6c-4a28-9cb0-2c6c3dfe99cd,search_click,acfe7d94390c42bbbcdfd92c13c5321b,"{""query"": ""classic wool summer"", ""rank"": 2, ""device"": ""desktop""}",2025-09-20 16:27:53.756240+00
0e175c7a-62d8-4dd5-8a72-1f6a1f1d7c47,bb73c19e-1d1c-4430-8e84-1f922ebfd19f,a31954ad-5c6c-4a28-9cb0-2c6c3dfe99cd,view,acfe7d94390c42bbbcdfd92c13c5321b,"{""referrer"": ""search"", ""dwell_sec"": 35}",2025-09-20 16:27:58.756240+00
c0d337ee-8ccd-42c2-a4d5-931bedc8052b,bb73c19e-1d1c-4430-8e84-1f922ebfd19f,979f809c-bc8f-4eec-89ce-de32b4175b32,search_click,acfe7d94390c42bbbcdfd92c13c5321b,"{""query"": ""classic wool summer"", ""rank"": 3, ""device"": ""desktop""}",2025-09-20 16:28:46.756240+00
d190ed1a-b8fb-4fea-ba01-b4a515b18bfb,bb73c19e-1d1c-4430-8e84-1f922ebfd19f,979f809c-bc8f-4eec-89ce-de32b4175b32,view,acfe7d94390c42bbbcdfd92c13c5321b,"{""referrer"": ""search"", ""dwell_sec"": 30}",2025-09-20 16:28:56.756240+00
169eac01-8177-4e2c-b1ee-bb8ca82c6792,bb73c19e-1d1c-4430-8e84-1f922ebfd19f,4f37e0ee-e916-47ea-affc-4d01665bb2db,search_click,acfe7d94390c42bbbcdfd92c13c5321b,"{""query"": ""classic wool summer"", ""rank"": 4, ""device"": ""mobile""}",2025-09-20 16:29:10.756240+00
67cbd544-ea49-466c-b3aa-bdaa4177ce8b,bb73c19e-1d1c-4430-8e84-1f922ebfd19f,4f37e0ee-e916-47ea-affc-4d01665bb2db,view,acfe7d94390c42bbbcdfd92c13c5321b,"{""referrer"": ""search"", ""dwell_sec"": 36}",2025-09-20 16:29:14.756240+00
e94ef95e-b5a0-416b-8022-193065bb0112,bb73c19e-1d1c-4430-8e84-1f922ebfd19f,80bf27c4-ceeb-45bb-b9d0-3696000167be,search_click,acfe7d94390c42bbbcdfd92c13c5321b,"{""query"": ""classic wool summer"", ""rank"": 5, ""device"": ""mobile""}",2025-09-20 16:29:49.756240+00
30700b3f-3047-4633-8eb7-36895a25dd96,bb73c19e-1d1c-4430-8e84-1f922ebfd19f,80bf27c4-ceeb-45bb-b9d0-3696000167be,view,acfe7d94390c42bbbcdfd92c13c5321b,"{""referrer"": ""search"", ""dwell_sec"": 58}",2025-09-20 16:30:06.756240+00
a81bae9a-df64-435b-92cb-b062e25aa11d,bb73c19e-1d1c-4430-8e84-1f922ebfd19f,cd548d76-1702-4cf5-a5d1-c2101fac11f2,search_click,acfe7d94390c42bbbcdfd92c13c5321b,"{""query"": ""classic wool summer"", ""rank"": 6, ""device"": ""mobile""}",2025-09-20 16:30:51.756240+00
50edc4e5-c10d-46f3-a39d-7f254244e4b7,bb73c19e-1d1c-4430-8e84-1f922ebfd19f,cd548d76-1702-4cf5-a5d1-c2101fac11f2,view,acfe7d94390c42bbbcdfd92c13c5321b,"{""referrer"": ""search"", ""dwell_sec"": 68}",2025-09-20 16:31:06.756240+00
faae51ad-1cf7-4bbc-838d-a21f0d28ccb4,bb73c19e-1d1c-4430-8e84-1f922ebfd19f,cd548d76-1702-4cf5-a5d1-c2101fac11f2,wishlist_add,acfe7d94390c42bbbcdfd92c13c5321b,{},2025-09-20 16:31:36.756240+00
d8449711-62c2-4c3a-a3c3-4f2eb9758651,bb73c19e-1d1c-4430-8e84-1f922ebfd19f,4f37e0ee-e916-47ea-affc-4d01665bb2db,add_to_cart,acfe7d94390c42bbbcdfd92c13c5321b,"{""variant_id"": ""470dc25e-8890-40b1-8b49-35160690f55a"", ""quantity"": 1}",2025-09-20 16:31:41.756240+00
8b2310ee-5d09-4e74-9624-7fa4e66a31f6,bb73c19e-1d1c-4430-8e84-1f922ebfd19f,aa9058c2-3702-4840-909d-4536f8ef27e7,search_click,2c875e5de1994ad1a429fec63ecb5bfa,"{""query"": ""luxury winter workwear summer"", ""rank"": 1, ""device"": ""mobile""}",2025-10-03 15:02:54.756240+00
cf79f6c7-ae5a-4028-b73b-1b6731decf2b,bb73c19e-1d1c-4430-8e84-1f922ebfd19f,aa9058c2-3702-4840-909d-4536f8ef27e7,view,2c875e5de1994ad1a429fec63ecb5bfa,"{""referrer"": ""search"", ""dwell_sec"": 24}",2025-10-03 15:03:09.756240+00
ba97d9e5-1d13-404c-9967-a5f76436732d,bb73c19e-1d1c-4430-8e84-1f922ebfd19f,60a51ad1-ba52-43e5-9218-54e27ca857e0,search_click,2c875e5de1994ad1a429fec63ecb5bfa,"{""query"": ""luxury winter workwear summer"", ""rank"": 2, ""device"": ""mobile""}",2025-10-03 15:03:59.756240+00
e2404b14-1966-4176-b2c3-a56ea79ca9dc,bb73c19e-1d1c-4430-8e84-1f922ebfd19f,60a51ad1-ba52-43e5-9218-54e27ca857e0,view,2c875e5de1994ad1a429fec63ecb5bfa,"{""referrer"": ""search"", ""dwell_sec"": 58}",2025-10-03 15:04:04.756240+00
7e360471-829b-4a2d-8e21-25d598c24aff,bb73c19e-1d1c-4430-8e84-1f922ebfd19f,4b118e6e-16fe-4b89-b29c-17edd6303d62,search_click,2c875e5de1994ad1a429fec63ecb5bfa,"{""query"": ""luxury winter workwear summer"", ""rank"": 3, ""device"": ""desktop""}",2025-10-03 15:04:35.756240+00
61030083-50f3-4d37-93ff-bda4cb8da06d,bb73c19e-1d1c-4430-8e84-1f922ebfd19f,4b118e6e-16fe-4b89-b29c-17edd6303d62,view,2c875e5de1994ad1a429fec63ecb5bfa,"{""referrer"": ""search"", ""dwell_sec"": 58}",2025-10-03 15:04:52.756240+00
5b2a458c-5525-4955-9340-c34c47401eba,bb73c19e-1d1c-4430-8e84-1f922ebfd19f,b6ce3169-694b-4c53-97e3-97364d3c6f4b,search_click,2c875e5de1994ad1a429fec63ecb5bfa,"{""query"": ""luxury winter workwear summer"", ""rank"": 4, ""device"": ""mobile""}",2025-10-03 15:05:00.756240+00
817b7a82-3cad-4381-ab9e-ae31dfcc7f06,bb73c19e-1d1c-4430-8e84-1f922ebfd19f,b6ce3169-694b-4c53-97e3-97364d3c6f4b,view,2c875e5de1994ad1a429fec63ecb5bfa,"{""referrer"": ""search"", ""dwell_sec"": 54}",2025-10-03 15:05:16.756240+00
49a03ea8-7e3c-4060-bf26-3af24bd9a37a,bb73c19e-1d1c-4430-8e84-1f922ebfd19f,979f809c-bc8f-4eec-89ce-de32b4175b32,search_click,2c875e5de1994ad1a429fec63ecb5bfa,"{""query"": ""luxury winter workwear summer"", ""rank"": 5, ""device"": ""mobile""}",2025-10-03 15:06:10.756240+00
8378c2f2-4781-4f72-967f-4fecf98279e4,bb73c19e-1d1c-4430-8e84-1f922ebfd19f,979f809c-bc8f-4eec-89ce-de32b4175b32,view,2c875e5de1994ad1a429fec63ecb5bfa,"{""referrer"": ""search"", ""dwell_sec"": 66}",2025-10-03 15:06:25.756240+00
c5c5b24d-db6f-4594-8ef1-162f5c07066c,bb73c19e-1d1c-4430-8e84-1f922ebfd19f,783a36aa-334d-4e88-88cf-65b04f6a0fc3,search_click,2c875e5de1994ad1a429fec63ecb5bfa,"{""query"": ""luxury winter workwear summer"", ""rank"": 6, ""device"": ""desktop""}",2025-10-03 15:06:30.756240+00
10e67d3d-3baa-4644-87d6-3c8fc48977f1,bb73c19e-1d1c-4430-8e84-1f922ebfd19f,783a36aa-334d-4e88-88cf-65b04f6a0fc3,view,2c875e5de1994ad1a429fec63ecb5bfa,"{""referrer"": ""search"", ""dwell_sec"": 54}",2025-10-03 15:06:42.756240+00
3d979bb5-0ac6-47e6-abc8-daa1d365d99f,bb73c19e-1d1c-4430-8e84-1f922ebfd19f,b6ce3169-694b-4c53-97e3-97364d3c6f4b,add_to_cart,2c875e5de1994ad1a429fec63ecb5bfa,"{""variant_id"": ""f831dfaa-252d-49cd-9359-0e041067c2a7"", ""quantity"": 1}",2025-10-03 15:07:41.756240+00
800b09b0-c982-48b1-93cd-f6b8c0b5d49c,bb73c19e-1d1c-4430-8e84-1f922ebfd19f,5adb709a-3442-4a19-88f1-9ad37b4012bd,search_click,0d0329005a774c839c956542ab6a64ce,"{""query"": ""essentials pima summer"", ""rank"": 1, ""device"": ""desktop""}",2025-08-20 16:24:54.756240+00
4a3f687d-8329-4d5a-8024-2ebdcfeb328e,bb73c19e-1d1c-4430-8e84-1f922ebfd19f,5adb709a-3442-4a19-88f1-9ad37b4012bd,view,0d0329005a774c839c956542ab6a64ce,"{""referrer"": ""search"", ""dwell_sec"": 58}",2025-08-20 16:25:05.756240+00
a1ab1d6f-6e94-422a-be05-68b831de76cc,bb73c19e-1d1c-4430-8e84-1f922ebfd19f,b6ce3169-694b-4c53-97e3-97364d3c6f4b,search_click,0d0329005a774c839c956542ab6a64ce,"{""query"": ""essentials pima summer"", ""rank"": 2, ""device"": ""mobile""}",2025-08-20 16:25:26.756240+00
bd9c6868-d7d2-4d42-93db-2cfe8f4b607e,bb73c19e-1d1c-4430-8e84-1f922ebfd19f,b6ce3169-694b-4c53-97e3-97364d3c6f4b,view,0d0329005a774c839c956542ab6a64ce,"{""referrer"": ""search"", ""dwell_sec"": 7}",2025-08-20 16:25:44.756240+00
bf4b2b61-a512-4be0-b48c-29ace7760b1e,bb73c19e-1d1c-4430-8e84-1f922ebfd19f,6d056ecb-5e47-44bb-b9ef-d33e87f98d96,search_click,0d0329005a774c839c956542ab6a64ce,"{""query"": ""essentials pima summer"", ""rank"": 3, ""device"": ""mobile""}",2025-08-20 16:26:36.756240+00
f68950a6-bd91-4e8c-903d-436f6a9f3795,bb73c19e-1d1c-4430-8e84-1f922ebfd19f,6d056ecb-5e47-44bb-b9ef-d33e87f98d96,view,0d0329005a774c839c956542ab6a64ce,"{""referrer"": ""search"", ""dwell_sec"": 33}",2025-08-20 16:26:50.756240+00
cb13e9ec-a97f-43bc-adf4-d0da869e6cc2,bb73c19e-1d1c-4430-8e84-1f922ebfd19f,6d056ecb-5e47-44bb-b9ef-d33e87f98d96,wishlist_add,0d0329005a774c839c956542ab6a64ce,{},2025-08-20 16:27:36.756240+00
8bab1150-3c16-48be-9f36-181c07a86e03,bb73c19e-1d1c-4430-8e84-1f922ebfd19f,274fb507-6d75-46b0-87f5-8d873644c52c,search_click,e161855705e644ecbb17a392ed5b6410,"{""query"": ""elegant Pleated Midi Skirt summer"", ""rank"": 1, ""device"": ""mobile""}",2025-09-02 00:55:54.756240+00
0f3c010e-a9ce-470f-ba91-c3fc577f0a30,bb73c19e-1d1c-4430-8e84-1f922ebfd19f,274fb507-6d75-46b0-87f5-8d873644c52c,view,e161855705e644ecbb17a392ed5b6410,"{""referrer"": ""search"", ""dwell_sec"": 18}",2025-09-02 00:56:04.756240+00
ebb30558-b9bd-41d4-9824-4a84e297ca6c,bb73c19e-1d1c-4430-8e84-1f922ebfd19f,aa9058c2-3702-4840-909d-4536f8ef27e7,search_click,e161855705e644ecbb17a392ed5b6410,"{""query"": ""elegant Pleated Midi Skirt summer"", ""rank"": 2, ""device"": ""desktop""}",2025-09-02 00:56:53.756240+00
f951bf05-d208-45dd-ae98-cda9b452dd12,bb73c19e-1d1c-4430-8e84-1f922ebfd19f,aa9058c2-3702-4840-909d-4536f8ef27e7,view,e161855705e644ecbb17a392ed5b6410,"{""referrer"": ""search"", ""dwell_sec"": 77}",2025-09-02 00:56:59.756240+00
2b9314f5-b74d-493c-9152-fdd89026b401,bb73c19e-1d1c-4430-8e84-1f922ebfd19f,100a25a8-1074-4082-bf3e-619e6bf0ed06,search_click,e161855705e644ecbb17a392ed5b6410,"{""query"": ""elegant Pleated Midi Skirt summer"", ""rank"": 3, ""device"": ""mobile""}",2025-09-02 00:57:54.756240+00
04775efa-5a8f-4c6b-bcc8-58c314d21984,bb73c19e-1d1c-4430-8e84-1f922ebfd19f,100a25a8-1074-4082-bf3e-619e6bf0ed06,view,e161855705e644ecbb17a392ed5b6410,"{""referrer"": ""search"", ""dwell_sec"": 73}",2025-09-02 00:58:08.756240+00
a6cb5625-329b-4483-afb0-f3d2331f8de4,bb73c19e-1d1c-4430-8e84-1f922ebfd19f,1d19f678-f760-4786-9b01-1fb8917f0220,search_click,e161855705e644ecbb17a392ed5b6410,"{""query"": ""elegant Pleated Midi Skirt summer"", ""rank"": 4, ""device"": ""desktop""}",2025-09-02 00:58:40.756240+00
5e352a05-501e-4daf-a150-0d517d5f9844,bb73c19e-1d1c-4430-8e84-1f922ebfd19f,1d19f678-f760-4786-9b01-1fb8917f0220,view,e161855705e644ecbb17a392ed5b6410,"{""referrer"": ""search"", ""dwell_sec"": 69}",2025-09-02 00:58:45.756240+00
00da4d99-fac9-4ca2-a1d6-43077fc3d827,bb73c19e-1d1c-4430-8e84-1f922ebfd19f,aa9058c2-3702-4840-909d-4536f8ef27e7,search_click,e161855705e644ecbb17a392ed5b6410,"{""query"": ""elegant Pleated Midi Skirt summer"", ""rank"": 5, ""device"": ""desktop""}",2025-09-02 00:59:31.756240+00
f5f51abb-6092-46cc-93cf-c445839e1b69,bb73c19e-1d1c-4430-8e84-1f922ebfd19f,aa9058c2-3702-4840-909d-4536f8ef27e7,view,e161855705e644ecbb17a392ed5b6410,"{""referrer"": ""search"", ""dwell_sec"": 58}",2025-09-02 00:59:34.756240+00
96b58560-c4f3-46d8-9a16-440b3e16a91a,bb73c19e-1d1c-4430-8e84-1f922ebfd19f,1d19f678-f760-4786-9b01-1fb8917f0220,add_to_cart,e161855705e644ecbb17a392ed5b6410,"{""variant_id"": ""768d7e3e-b30a-4302-b609-2e9c40a7b450"", ""quantity"": 1}",2025-09-02 01:00:31.756240+00
e09eae62-0f1b-4207-87d6-4393053c52fa,bb73c19e-1d1c-4430-8e84-1f922ebfd19f,aa9058c2-3702-4840-909d-4536f8ef27e7,add_to_cart,e161855705e644ecbb17a392ed5b6410,"{""variant_id"": ""f5db1614-d905-4647-a363-e6f1666d779f"", ""quantity"": 1}",2025-09-02 01:01:06.756240+00
d1413be9-7dd3-4664-ace3-4cb5f14bcd7a,bb73c19e-1d1c-4430-8e84-1f922ebfd19f,4f37e0ee-e916-47ea-affc-4d01665bb2db,search_click,e79ab8e20c3b421faf7cb75d917f264b,"{""query"": ""cashmere cozy summer everyday"", ""rank"": 1, ""device"": ""mobile""}",2025-10-05 20:14:54.756240+00
17bd04c6-5443-4ea1-80ab-eac7fd64ebc6,bb73c19e-1d1c-4430-8e84-1f922ebfd19f,4f37e0ee-e916-47ea-affc-4d01665bb2db,view,e79ab8e20c3b421faf7cb75d917f264b,"{""referrer"": ""search"", ""dwell_sec"": 33}",2025-10-05 20:15:06.756240+00
1d2a739e-9873-4182-87f7-3e143dd61b87,bb73c19e-1d1c-4430-8e84-1f922ebfd19f,b0de0f60-82c8-4e43-a209-4528f01d0b4a,search_click,e79ab8e20c3b421faf7cb75d917f264b,"{""query"": ""cashmere cozy summer everyday"", ""rank"": 2, ""device"": ""mobile""}",2025-10-05 20:15:36.756240+00
0bbbf2e1-ce30-4342-a4cf-e91a13d54d28,bb73c19e-1d1c-4430-8e84-1f922ebfd19f,b0de0f60-82c8-4e43-a209-4528f01d0b4a,view,e79ab8e20c3b421faf7cb75d917f264b,"{""referrer"": ""search"", ""dwell_sec"": 89}",2025-10-05 20:15:48.756240+00
b010d06b-de54-45ac-a963-061ddbb67067,bb73c19e-1d1c-4430-8e84-1f922ebfd19f,b6ce3169-694b-4c53-97e3-97364d3c6f4b,search_click,e79ab8e20c3b421faf7cb75d917f264b,"{""query"": ""cashmere cozy summer everyday"", ""rank"": 3, ""device"": ""desktop""}",2025-10-05 20:16:30.756240+00
83d7c3cd-ffe8-4769-8fc4-a3519b90d900,bb73c19e-1d1c-4430-8e84-1f922ebfd19f,b6ce3169-694b-4c53-97e3-97364d3c6f4b,view,e79ab8e20c3b421faf7cb75d917f264b,"{""referrer"": ""search"", ""dwell_sec"": 75}",2025-10-05 20:16:48.756240+00
2cdc784f-6b49-4dc5-bb9e-07b62a22f364,bb73c19e-1d1c-4430-8e84-1f922ebfd19f,58bce0b5-fe59-44c4-a5e4-0242444215bf,search_click,e79ab8e20c3b421faf7cb75d917f264b,"{""query"": ""cashmere cozy summer everyday"", ""rank"": 4, ""device"": ""desktop""}",2025-10-05 20:17:26.756240+00
17693398-d2f1-4958-8804-bbf42b9fe691,bb73c19e-1d1c-4430-8e84-1f922ebfd19f,58bce0b5-fe59-44c4-a5e4-0242444215bf,view,e79ab8e20c3b421faf7cb75d917f264b,"{""referrer"": ""search"", ""dwell_sec"": 75}",2025-10-05 20:17:42.756240+00
41a62bad-500e-42b9-919a-3705d494eeeb,bb73c19e-1d1c-4430-8e84-1f922ebfd19f,d9fd706a-05fe-4cbf-aa17-ef87fba1bb1b,search_click,e79ab8e20c3b421faf7cb75d917f264b,"{""query"": ""cashmere cozy summer everyday"", ""rank"": 5, ""device"": ""desktop""}",2025-10-05 20:18:08.756240+00
ee01daa8-5279-4a6f-a315-641be9742df7,bb73c19e-1d1c-4430-8e84-1f922ebfd19f,d9fd706a-05fe-4cbf-aa17-ef87fba1bb1b,view,e79ab8e20c3b421faf7cb75d917f264b,"{""referrer"": ""search"", ""dwell_sec"": 39}",2025-10-05 20:18:25.756240+00
8a444d26-8cc8-4942-86fe-f7731f5356dc,bb73c19e-1d1c-4430-8e84-1f922ebfd19f,274fb507-6d75-46b0-87f5-8d873644c52c,search_click,e79ab8e20c3b421faf7cb75d917f264b,"{""query"": ""cashmere cozy summer everyday"", ""rank"": 6, ""device"": ""desktop""}",2025-10-05 20:18:49.756240+00
ea381c09-ff7f-4330-8786-89a2ebd62155,bb73c19e-1d1c-4430-8e84-1f922ebfd19f,274fb507-6d75-46b0-87f5-8d873644c52c,view,e79ab8e20c3b421faf7cb75d917f264b,"{""referrer"": ""search"", ""dwell_sec"": 20}",2025-10-05 20:18:59.756240+00
e50a8290-7d6f-4a42-8553-fcd0f01cdf52,bb73c19e-1d1c-4430-8e84-1f922ebfd19f,4f37e0ee-e916-47ea-affc-4d01665bb2db,wishlist_add,e79ab8e20c3b421faf7cb75d917f264b,{},2025-10-05 20:19:50.756240+00
efb3fc0a-1d69-4f69-85f9-fc4211dd1f25,bb73c19e-1d1c-4430-8e84-1f922ebfd19f,b0de0f60-82c8-4e43-a209-4528f01d0b4a,add_to_cart,e79ab8e20c3b421faf7cb75d917f264b,"{""variant_id"": ""e023286b-ba77-43ea-8ee0-f02e3c772f42"", ""quantity"": 1}",2025-10-05 20:20:29.756240+00
7b614139-a5b3-468e-810f-dbf49ce727be,d748c8ec-9b08-4724-9915-3adba92e0974,6d056ecb-5e47-44bb-b9ef-d33e87f98d96,search_click,b2cbcce22c7d4eec8fd2bf793fdda7e9,"{""query"": ""office elegant streetwear"", ""rank"": 1, ""device"": ""mobile""}",2025-09-05 19:26:54.756240+00
7e9a117b-4fcd-47e3-b475-4c24ed3a5fa2,d748c8ec-9b08-4724-9915-3adba92e0974,6d056ecb-5e47-44bb-b9ef-d33e87f98d96,view,b2cbcce22c7d4eec8fd2bf793fdda7e9,"{""referrer"": ""search"", ""dwell_sec"": 82}",2025-09-05 19:27:10.756240+00
53a146ed-2b27-44fe-81ec-d0e634fb7457,d748c8ec-9b08-4724-9915-3adba92e0974,b0de0f60-82c8-4e43-a209-4528f01d0b4a,search_click,b2cbcce22c7d4eec8fd2bf793fdda7e9,"{""query"": ""office elegant streetwear"", ""rank"": 2, ""device"": ""mobile""}",2025-09-05 19:27:53.756240+00
550fb246-d056-46db-bca2-ad2818d5ec03,d748c8ec-9b08-4724-9915-3adba92e0974,b0de0f60-82c8-4e43-a209-4528f01d0b4a,view,b2cbcce22c7d4eec8fd2bf793fdda7e9,"{""referrer"": ""search"", ""dwell_sec"": 62}",2025-09-05 19:28:08.756240+00
ebbc1d36-8130-4336-879e-3e076b80c1e1,d748c8ec-9b08-4724-9915-3adba92e0974,783a36aa-334d-4e88-88cf-65b04f6a0fc3,search_click,b2cbcce22c7d4eec8fd2bf793fdda7e9,"{""query"": ""office elegant streetwear"", ""rank"": 3, ""device"": ""desktop""}",2025-09-05 19:28:41.756240+00
9b34c386-22cd-4be2-8123-fef929266dc3,d748c8ec-9b08-4724-9915-3adba92e0974,783a36aa-334d-4e88-88cf-65b04f6a0fc3,view,b2cbcce22c7d4eec8fd2bf793fdda7e9,"{""referrer"": ""search"", ""dwell_sec"": 44}",2025-09-05 19:28:57.756240+00
6b8434d6-c31f-41ff-8560-a30dbec7aced,d748c8ec-9b08-4724-9915-3adba92e0974,45e64d53-de11-4614-8e1b-3b16aac95357,search_click,b2cbcce22c7d4eec8fd2bf793fdda7e9,"{""query"": ""office elegant streetwear"", ""rank"": 4, ""device"": ""mobile""}",2025-09-05 19:29:38.756240+00
334d4d3a-f0ab-49df-a41f-f4b2d5a746d7,d748c8ec-9b08-4724-9915-3adba92e0974,45e64d53-de11-4614-8e1b-3b16aac95357,view,b2cbcce22c7d4eec8fd2bf793fdda7e9,"{""referrer"": ""search"", ""dwell_sec"": 31}",2025-09-05 19:29:44.756240+00
932b3b20-dedf-4f59-9e28-ac28b74185d3,d748c8ec-9b08-4724-9915-3adba92e0974,d9fd706a-05fe-4cbf-aa17-ef87fba1bb1b,search_click,b2cbcce22c7d4eec8fd2bf793fdda7e9,"{""query"": ""office elegant streetwear"", ""rank"": 5, ""device"": ""mobile""}",2025-09-05 19:30:29.756240+00
c4036771-c3cb-4302-afe5-920622a93bbf,d748c8ec-9b08-4724-9915-3adba92e0974,d9fd706a-05fe-4cbf-aa17-ef87fba1bb1b,view,b2cbcce22c7d4eec8fd2bf793fdda7e9,"{""referrer"": ""search"", ""dwell_sec"": 89}",2025-09-05 19:30:40.756240+00
fc3a3d25-add0-499e-8650-847af1f8cf36,d748c8ec-9b08-4724-9915-3adba92e0974,b0de0f60-82c8-4e43-a209-4528f01d0b4a,wishlist_add,b2cbcce22c7d4eec8fd2bf793fdda7e9,{},2025-09-05 19:30:50.756240+00
47218d4f-a0ca-49e9-a716-f68ac9547021,d748c8ec-9b08-4724-9915-3adba92e0974,45e64d53-de11-4614-8e1b-3b16aac95357,add_to_cart,b2cbcce22c7d4eec8fd2bf793fdda7e9,"{""variant_id"": ""f3f49c1c-4bc8-4873-96ec-5b00c17077fd"", ""quantity"": 1}",2025-09-05 19:31:30.756240+00
cf87a8be-ae9b-4f38-a95f-ba26564d3aa9,d748c8ec-9b08-4724-9915-3adba92e0974,45e64d53-de11-4614-8e1b-3b16aac95357,checkout_start,b2cbcce22c7d4eec8fd2bf793fdda7e9,{},2025-09-05 19:31:49.756240+00
f4a6fcd9-a703-4250-8981-2bababd3dfc0,d748c8ec-9b08-4724-9915-3adba92e0974,7a199e8b-b8e1-46d2-beb8-99ba92f52dcd,search_click,dd44fcb53b8547feaf73e7e6278717be,"{""query"": ""travel luxury sustainable"", ""rank"": 1, ""device"": ""desktop""}",2025-09-26 20:20:54.756240+00
6fe71f3c-4cc9-49cb-b8ef-d23969a6b9e5,d748c8ec-9b08-4724-9915-3adba92e0974,7a199e8b-b8e1-46d2-beb8-99ba92f52dcd,view,dd44fcb53b8547feaf73e7e6278717be,"{""referrer"": ""search"", ""dwell_sec"": 64}",2025-09-26 20:21:00.756240+00
e1a65488-67c0-45f5-9b77-ebe258dde553,d748c8ec-9b08-4724-9915-3adba92e0974,4b118e6e-16fe-4b89-b29c-17edd6303d62,search_click,dd44fcb53b8547feaf73e7e6278717be,"{""query"": ""travel luxury sustainable"", ""rank"": 2, ""device"": ""desktop""}",2025-09-26 20:21:49.756240+00
555da79b-fd64-4607-96ce-bd5abf44e6a7,d748c8ec-9b08-4724-9915-3adba92e0974,4b118e6e-16fe-4b89-b29c-17edd6303d62,view,dd44fcb53b8547feaf73e7e6278717be,"{""referrer"": ""search"", ""dwell_sec"": 39}",2025-09-26 20:22:04.756240+00
57ff180d-9c16-4c16-aa71-0d2771192a80,d748c8ec-9b08-4724-9915-3adba92e0974,cd548d76-1702-4cf5-a5d1-c2101fac11f2,search_click,dd44fcb53b8547feaf73e7e6278717be,"{""query"": ""travel luxury sustainable"", ""rank"": 3, ""device"": ""desktop""}",2025-09-26 20:22:41.756240+00
88316ece-3de3-44cf-9390-64bccc67b475,d748c8ec-9b08-4724-9915-3adba92e0974,cd548d76-1702-4cf5-a5d1-c2101fac11f2,view,dd44fcb53b8547feaf73e7e6278717be,"{""referrer"": ""search"", ""dwell_sec"": 15}",2025-09-26 20:22:58.756240+00
17beb87f-4846-429e-b654-742244784a10,d748c8ec-9b08-4724-9915-3adba92e0974,4b118e6e-16fe-4b89-b29c-17edd6303d62,wishlist_add,dd44fcb53b8547feaf73e7e6278717be,{},2025-09-26 20:23:41.756240+00
72b4bf9a-9d76-44ca-a465-5156e41cf5b9,d748c8ec-9b08-4724-9915-3adba92e0974,7a199e8b-b8e1-46d2-beb8-99ba92f52dcd,add_to_cart,dd44fcb53b8547feaf73e7e6278717be,"{""variant_id"": ""d2020679-79d4-448c-8c0e-13fa51db9dd9"", ""quantity"": 1}",2025-09-26 20:24:06.756240+00
a49e38da-a41b-49e6-ae06-df60bee44981,f2c95f80-da71-4926-a8b7-3149b4164e45,d9fd706a-05fe-4cbf-aa17-ef87fba1bb1b,search_click,a6b181cea71e418ba90d41190aa60c19,"{""query"": ""travel Crossbody Camera Bag streetwear"", ""rank"": 1, ""device"": ""mobile""}",2025-09-10 17:44:54.756240+00
90354f44-0c20-4b94-b6d6-5c7a9c5a8865,f2c95f80-da71-4926-a8b7-3149b4164e45,d9fd706a-05fe-4cbf-aa17-ef87fba1bb1b,view,a6b181cea71e418ba90d41190aa60c19,"{""referrer"": ""search"", ""dwell_sec"": 84}",2025-09-10 17:45:08.756240+00
916e6853-7ac3-4752-9fa4-cdada7d8ada6,f2c95f80-da71-4926-a8b7-3149b4164e45,a72d121a-7487-438d-b961-cbbf19626135,search_click,a6b181cea71e418ba90d41190aa60c19,"{""query"": ""travel Crossbody Camera Bag streetwear"", ""rank"": 2, ""device"": ""desktop""}",2025-09-10 17:46:01.756240+00
9e3edf97-1d61-427c-a605-33c9e96b5db6,f2c95f80-da71-4926-a8b7-3149b4164e45,a72d121a-7487-438d-b961-cbbf19626135,view,a6b181cea71e418ba90d41190aa60c19,"{""referrer"": ""search"", ""dwell_sec"": 11}",2025-09-10 17:46:18.756240+00
b27a0726-9027-4459-a522-25f0b14f455f,f2c95f80-da71-4926-a8b7-3149b4164e45,58bce0b5-fe59-44c4-a5e4-0242444215bf,search_click,a6b181cea71e418ba90d41190aa60c19,"{""query"": ""travel Crossbody Camera Bag streetwear"", ""rank"": 3, ""device"": ""desktop""}",2025-09-10 17:46:36.756240+00
39754eab-9b35-4b11-b6e6-7a4c8419ba7d,f2c95f80-da71-4926-a8b7-3149b4164e45,58bce0b5-fe59-44c4-a5e4-0242444215bf,view,a6b181cea71e418ba90d41190aa60c19,"{""referrer"": ""search"", ""dwell_sec"": 41}",2025-09-10 17:46:43.756240+00
38c2dee5-1e84-446b-a115-ee7ed68bcbfd,f2c95f80-da71-4926-a8b7-3149b4164e45,b0de0f60-82c8-4e43-a209-4528f01d0b4a,search_click,a6b181cea71e418ba90d41190aa60c19,"{""query"": ""travel Crossbody Camera Bag streetwear"", ""rank"": 4, ""device"": ""desktop""}",2025-09-10 17:47:16.756240+00
8e7f53ef-e9ed-41b9-886a-d6c50a6c6a7e,f2c95f80-da71-4926-a8b7-3149b4164e45,b0de0f60-82c8-4e43-a209-4528f01d0b4a,view,a6b181cea71e418ba90d41190aa60c19,"{""referrer"": ""search"", ""dwell_sec"": 8}",2025-09-10 17:47:22.756240+00
39360c83-29e2-49a1-9f14-cf0fa3076683,f2c95f80-da71-4926-a8b7-3149b4164e45,80bf27c4-ceeb-45bb-b9d0-3696000167be,search_click,a6b181cea71e418ba90d41190aa60c19,"{""query"": ""travel Crossbody Camera Bag streetwear"", ""rank"": 5, ""device"": ""mobile""}",2025-09-10 17:48:07.756240+00
237050d3-9d42-47c9-a58c-c8629448bac0,f2c95f80-da71-4926-a8b7-3149b4164e45,80bf27c4-ceeb-45bb-b9d0-3696000167be,view,a6b181cea71e418ba90d41190aa60c19,"{""referrer"": ""search"", ""dwell_sec"": 44}",2025-09-10 17:48:15.756240+00
71220b0e-7347-4b62-bb17-7fb981fa9e48,f2c95f80-da71-4926-a8b7-3149b4164e45,b0de0f60-82c8-4e43-a209-4528f01d0b4a,wishlist_add,a6b181cea71e418ba90d41190aa60c19,{},2025-09-10 17:48:55.756240+00
26a9162c-dc98-4275-bd15-fca93b4398ae,f2c95f80-da71-4926-a8b7-3149b4164e45,80bf27c4-ceeb-45bb-b9d0-3696000167be,search_click,4e2aefc5ea0d4e54ba9e86663d76339c,"{""query"": ""raw streetwear travel sustainable"", ""rank"": 1, ""device"": ""mobile""}",2025-08-31 00:39:54.756240+00
bd29c4e1-da31-40bf-8f4d-55f18c6654fb,f2c95f80-da71-4926-a8b7-3149b4164e45,80bf27c4-ceeb-45bb-b9d0-3696000167be,view,4e2aefc5ea0d4e54ba9e86663d76339c,"{""referrer"": ""search"", ""dwell_sec"": 73}",2025-08-31 00:40:11.756240+00
30d1fe1c-23a5-42c4-8c9e-80c4c5941e2f,f2c95f80-da71-4926-a8b7-3149b4164e45,60a51ad1-ba52-43e5-9218-54e27ca857e0,search_click,4e2aefc5ea0d4e54ba9e86663d76339c,"{""query"": ""raw streetwear travel sustainable"", ""rank"": 2, ""device"": ""desktop""}",2025-08-31 00:40:46.756240+00
a6ac9adb-e978-4422-a486-eca037eaa78d,f2c95f80-da71-4926-a8b7-3149b4164e45,60a51ad1-ba52-43e5-9218-54e27ca857e0,view,4e2aefc5ea0d4e54ba9e86663d76339c,"{""referrer"": ""search"", ""dwell_sec"": 75}",2025-08-31 00:40:59.756240+00
65d9309d-9a5e-4d0e-b2cc-8099b84abfee,f2c95f80-da71-4926-a8b7-3149b4164e45,80bf27c4-ceeb-45bb-b9d0-3696000167be,add_to_cart,4e2aefc5ea0d4e54ba9e86663d76339c,"{""variant_id"": ""492dcbf6-c442-4df3-a99b-5fa827ab8493"", ""quantity"": 2}",2025-08-31 00:41:52.756240+00
9ed6ea55-7547-4109-b8a8-19e71539c703,f2c95f80-da71-4926-a8b7-3149b4164e45,60a51ad1-ba52-43e5-9218-54e27ca857e0,add_to_cart,4e2aefc5ea0d4e54ba9e86663d76339c,"{""variant_id"": ""c3515938-ff12-40d4-8352-daea474192c9"", ""quantity"": 1}",2025-08-31 00:41:59.756240+00
23b8d86f-a526-49e5-ac03-8b24bfde3a82,f2c95f80-da71-4926-a8b7-3149b4164e45,80bf27c4-ceeb-45bb-b9d0-3696000167be,abandon_cart,4e2aefc5ea0d4e54ba9e86663d76339c,{},2025-08-31 00:42:28.756240+00
b4756fe1-0c25-4c6e-8489-a2b67a19dc3e,6872cb5b-5430-460e-b2d7-baa38e087eea,b6ce3169-694b-4c53-97e3-97364d3c6f4b,search_click,50ee717609d640fa90fe6cdf83ffba32,"{""query"": ""summer polarized casual formal"", ""rank"": 1, ""device"": ""mobile""}",2025-08-16 09:01:54.756240+00
b365866b-3412-48d8-b6ee-0504dde24ff4,6872cb5b-5430-460e-b2d7-baa38e087eea,b6ce3169-694b-4c53-97e3-97364d3c6f4b,view,50ee717609d640fa90fe6cdf83ffba32,"{""referrer"": ""search"", ""dwell_sec"": 85}",2025-08-16 09:02:04.756240+00
9bec2e47-ff61-43ce-8d22-4cf4dc461739,6872cb5b-5430-460e-b2d7-baa38e087eea,b6ce3169-694b-4c53-97e3-97364d3c6f4b,search_click,50ee717609d640fa90fe6cdf83ffba32,"{""query"": ""summer polarized casual formal"", ""rank"": 2, ""device"": ""desktop""}",2025-08-16 09:02:52.756240+00
611bdd46-48ba-4161-b1e3-18aea9cd85c0,6872cb5b-5430-460e-b2d7-baa38e087eea,b6ce3169-694b-4c53-97e3-97364d3c6f4b,view,50ee717609d640fa90fe6cdf83ffba32,"{""referrer"": ""search"", ""dwell_sec"": 16}",2025-08-16 09:03:02.756240+00
d2087cff-5eba-43fc-aafd-81ab526cf11d,6872cb5b-5430-460e-b2d7-baa38e087eea,b6ce3169-694b-4c53-97e3-97364d3c6f4b,search_click,50ee717609d640fa90fe6cdf83ffba32,"{""query"": ""summer polarized casual formal"", ""rank"": 3, ""device"": ""mobile""}",2025-08-16 09:03:34.756240+00
d4a3f7e4-b4b3-479e-9de9-d88a1532ea51,6872cb5b-5430-460e-b2d7-baa38e087eea,b6ce3169-694b-4c53-97e3-97364d3c6f4b,view,50ee717609d640fa90fe6cdf83ffba32,"{""referrer"": ""search"", ""dwell_sec"": 61}",2025-08-16 09:03:40.756240+00
a4a48c06-8d5f-4f6b-8848-5e6344a7cca8,6872cb5b-5430-460e-b2d7-baa38e087eea,4b118e6e-16fe-4b89-b29c-17edd6303d62,search_click,a1f037c1faf643158d134e7e75c31699,"{""query"": ""evening silk workwear summer"", ""rank"": 1, ""device"": ""desktop""}",2025-09-22 17:47:54.756240+00
b3c53a66-8daa-44f5-8d22-682739891b49,6872cb5b-5430-460e-b2d7-baa38e087eea,4b118e6e-16fe-4b89-b29c-17edd6303d62,view,a1f037c1faf643158d134e7e75c31699,"{""referrer"": ""search"", ""dwell_sec"": 14}",2025-09-22 17:48:02.756240+00
1247e6b3-2201-4fd2-bc59-6c3bab53b599,6872cb5b-5430-460e-b2d7-baa38e087eea,4b118e6e-16fe-4b89-b29c-17edd6303d62,add_to_cart,a1f037c1faf643158d134e7e75c31699,"{""variant_id"": ""ad7f4158-a2df-425a-b6c7-3ce98cccd3fc"", ""quantity"": 2}",2025-09-22 17:48:35.756240+00
4fc32cdd-c6b1-46da-b0f9-636a2a085ba6,6872cb5b-5430-460e-b2d7-baa38e087eea,aa9058c2-3702-4840-909d-4536f8ef27e7,search_click,2a8cc9b2e0204ef1a794256fc5bc95bd,"{""query"": ""summer vacation formal"", ""rank"": 1, ""device"": ""mobile""}",2025-10-04 21:46:54.756240+00
347cd283-5c8a-4c57-9aaa-9283bd005292,6872cb5b-5430-460e-b2d7-baa38e087eea,aa9058c2-3702-4840-909d-4536f8ef27e7,view,2a8cc9b2e0204ef1a794256fc5bc95bd,"{""referrer"": ""search"", ""dwell_sec"": 61}",2025-10-04 21:47:06.756240+00
24e33052-5a8a-4b1b-aff5-e5bf0b2a7e94,6872cb5b-5430-460e-b2d7-baa38e087eea,4b118e6e-16fe-4b89-b29c-17edd6303d62,search_click,2a8cc9b2e0204ef1a794256fc5bc95bd,"{""query"": ""summer vacation formal"", ""rank"": 2, ""device"": ""desktop""}",2025-10-04 21:47:13.756240+00
393a5251-d11c-48a6-adea-ccf7554d00d6,6872cb5b-5430-460e-b2d7-baa38e087eea,4b118e6e-16fe-4b89-b29c-17edd6303d62,view,2a8cc9b2e0204ef1a794256fc5bc95bd,"{""referrer"": ""search"", ""dwell_sec"": 16}",2025-10-04 21:47:20.756240+00
0d67775e-7d3e-4003-9ee1-7bdc43f81b06,6872cb5b-5430-460e-b2d7-baa38e087eea,a31954ad-5c6c-4a28-9cb0-2c6c3dfe99cd,search_click,2a8cc9b2e0204ef1a794256fc5bc95bd,"{""query"": ""summer vacation formal"", ""rank"": 3, ""device"": ""desktop""}",2025-10-04 21:47:43.756240+00
320e84da-d3bd-4ed0-b4c0-b916520a3232,6872cb5b-5430-460e-b2d7-baa38e087eea,a31954ad-5c6c-4a28-9cb0-2c6c3dfe99cd,view,2a8cc9b2e0204ef1a794256fc5bc95bd,"{""referrer"": ""search"", ""dwell_sec"": 27}",2025-10-04 21:47:59.756240+00
3ba7e8c0-21c0-40d7-9d67-e4ab9d499483,6872cb5b-5430-460e-b2d7-baa38e087eea,7a199e8b-b8e1-46d2-beb8-99ba92f52dcd,search_click,2a8cc9b2e0204ef1a794256fc5bc95bd,"{""query"": ""summer vacation formal"", ""rank"": 4, ""device"": ""mobile""}",2025-10-04 21:48:16.756240+00
d320ab56-ba99-48c2-a169-f9febae1038e,6872cb5b-5430-460e-b2d7-baa38e087eea,7a199e8b-b8e1-46d2-beb8-99ba92f52dcd,view,2a8cc9b2e0204ef1a794256fc5bc95bd,"{""referrer"": ""search"", ""dwell_sec"": 72}",2025-10-04 21:48:30.756240+00
df9c3489-caaa-4671-b2c2-1d70947f7e82,6872cb5b-5430-460e-b2d7-baa38e087eea,7a199e8b-b8e1-46d2-beb8-99ba92f52dcd,add_to_cart,2a8cc9b2e0204ef1a794256fc5bc95bd,"{""variant_id"": ""89584e70-28c5-4717-9d91-e21b64675cc6"", ""quantity"": 2}",2025-10-04 21:49:07.756240+00
dfbb1a46-5c5f-4b8e-9ba3-7f71597f6748,6872cb5b-5430-460e-b2d7-baa38e087eea,4b118e6e-16fe-4b89-b29c-17edd6303d62,add_to_cart,2a8cc9b2e0204ef1a794256fc5bc95bd,"{""variant_id"": ""38939684-116f-405d-b9f3-150235dd0e0e"", ""quantity"": 2}",2025-10-04 21:49:16.756240+00
4c950542-4988-452c-aa02-26b138fedc4a,6872cb5b-5430-460e-b2d7-baa38e087eea,979f809c-bc8f-4eec-89ce-de32b4175b32,search_click,ecf16e78766947a891461bae9d433c85,"{""query"": ""summer Polarized Sunglasses workwear"", ""rank"": 1, ""device"": ""desktop""}",2025-08-20 11:47:54.756240+00
45eb7ba3-f2f6-41b8-b9fb-9917caa35d3d,6872cb5b-5430-460e-b2d7-baa38e087eea,979f809c-bc8f-4eec-89ce-de32b4175b32,view,ecf16e78766947a891461bae9d433c85,"{""referrer"": ""search"", ""dwell_sec"": 19}",2025-08-20 11:48:10.756240+00
d3cfe94f-8157-4aa2-b6ec-5ed5e1e848c9,6872cb5b-5430-460e-b2d7-baa38e087eea,b0de0f60-82c8-4e43-a209-4528f01d0b4a,search_click,ecf16e78766947a891461bae9d433c85,"{""query"": ""summer Polarized Sunglasses workwear"", ""rank"": 2, ""device"": ""mobile""}",2025-08-20 11:48:23.756240+00
18219c19-2865-4a59-affc-9523a8f5b02f,6872cb5b-5430-460e-b2d7-baa38e087eea,b0de0f60-82c8-4e43-a209-4528f01d0b4a,view,ecf16e78766947a891461bae9d433c85,"{""referrer"": ""search"", ""dwell_sec"": 43}",2025-08-20 11:48:27.756240+00
927f78ac-db1b-4af0-a356-9bc37c33ef19,6872cb5b-5430-460e-b2d7-baa38e087eea,d9fd706a-05fe-4cbf-aa17-ef87fba1bb1b,search_click,ecf16e78766947a891461bae9d433c85,"{""query"": ""summer Polarized Sunglasses workwear"", ""rank"": 3, ""device"": ""mobile""}",2025-08-20 11:49:03.756240+00
02627396-8891-4dc9-b6e1-0df0c752a351,6872cb5b-5430-460e-b2d7-baa38e087eea,d9fd706a-05fe-4cbf-aa17-ef87fba1bb1b,view,ecf16e78766947a891461bae9d433c85,"{""referrer"": ""search"", ""dwell_sec"": 35}",2025-08-20 11:49:09.756240+00
b2f4ceec-630a-44e9-b8b1-2d466ce26ebe,6872cb5b-5430-460e-b2d7-baa38e087eea,b0de0f60-82c8-4e43-a209-4528f01d0b4a,wishlist_add,ecf16e78766947a891461bae9d433c85,{},2025-08-20 11:49:48.756240+00
3dad444e-dacb-4833-a9d9-b0f97b5ad584,6872cb5b-5430-460e-b2d7-baa38e087eea,979f809c-bc8f-4eec-89ce-de32b4175b32,add_to_cart,ecf16e78766947a891461bae9d433c85,"{""variant_id"": ""a08e6120-aecf-47ac-b82a-3deeb3e190f1"", ""quantity"": 1}",2025-08-20 11:50:16.756240+00
d55de207-e760-4085-bc58-10c716280f51,6872cb5b-5430-460e-b2d7-baa38e087eea,b0de0f60-82c8-4e43-a209-4528f01d0b4a,search_click,5c5a479bdeb4428c8b3b4e6986f6aec7,"{""query"": ""casual Organic Cotton Tee Pack formal summer"", ""rank"": 1, ""device"": ""mobile""}",2025-09-27 14:42:54.756240+00
875d5836-b2f5-4dee-87c1-224b5bcb13cc,6872cb5b-5430-460e-b2d7-baa38e087eea,b0de0f60-82c8-4e43-a209-4528f01d0b4a,view,5c5a479bdeb4428c8b3b4e6986f6aec7,"{""referrer"": ""search"", ""dwell_sec"": 23}",2025-09-27 14:43:07.756240+00
4e3f39a3-72e7-4251-ad5d-375e6e55f8a4,6872cb5b-5430-460e-b2d7-baa38e087eea,4b118e6e-16fe-4b89-b29c-17edd6303d62,search_click,5c5a479bdeb4428c8b3b4e6986f6aec7,"{""query"": ""casual Organic Cotton Tee Pack formal summer"", ""rank"": 2, ""device"": ""mobile""}",2025-09-27 14:44:02.756240+00
05867441-94db-4869-b01b-c2cd857e1921,6872cb5b-5430-460e-b2d7-baa38e087eea,4b118e6e-16fe-4b89-b29c-17edd6303d62,view,5c5a479bdeb4428c8b3b4e6986f6aec7,"{""referrer"": ""search"", ""dwell_sec"": 23}",2025-09-27 14:44:13.756240+00
847a9a54-fba8-4dda-8d8c-7b9a0fea8803,6872cb5b-5430-460e-b2d7-baa38e087eea,6d056ecb-5e47-44bb-b9ef-d33e87f98d96,search_click,5c5a479bdeb4428c8b3b4e6986f6aec7,"{""query"": ""casual Organic Cotton Tee Pack formal summer"", ""rank"": 3, ""device"": ""desktop""}",2025-09-27 14:44:26.756240+00
932f080e-18ad-4f5b-a531-6121aad03c95,6872cb5b-5430-460e-b2d7-baa38e087eea,6d056ecb-5e47-44bb-b9ef-d33e87f98d96,view,5c5a479bdeb4428c8b3b4e6986f6aec7,"{""referrer"": ""search"", ""dwell_sec"": 19}",2025-09-27 14:44:34.756240+00
b5f3d1bc-b65b-4097-b25a-3cfb8f7e56e7,6872cb5b-5430-460e-b2d7-baa38e087eea,de2ff47e-217a-4f7d-be31-1b2a9926eda9,search_click,5c5a479bdeb4428c8b3b4e6986f6aec7,"{""query"": ""casual Organic Cotton Tee Pack formal summer"", ""rank"": 4, ""device"": ""mobile""}",2025-09-27 14:45:21.756240+00
82c99f35-c626-4bef-bdb0-3d189d4a2126,6872cb5b-5430-460e-b2d7-baa38e087eea,de2ff47e-217a-4f7d-be31-1b2a9926eda9,view,5c5a479bdeb4428c8b3b4e6986f6aec7,"{""referrer"": ""search"", ""dwell_sec"": 6}",2025-09-27 14:45:28.756240+00
a7b92b26-8a88-4104-9b2f-1525c274d34a,6872cb5b-5430-460e-b2d7-baa38e087eea,aa9058c2-3702-4840-909d-4536f8ef27e7,search_click,5c5a479bdeb4428c8b3b4e6986f6aec7,"{""query"": ""casual Organic Cotton Tee Pack formal summer"", ""rank"": 5, ""device"": ""mobile""}",2025-09-27 14:45:55.756240+00
06b8a847-8953-4d67-adba-007cf3bd1368,6872cb5b-5430-460e-b2d7-baa38e087eea,aa9058c2-3702-4840-909d-4536f8ef27e7,view,5c5a479bdeb4428c8b3b4e6986f6aec7,"{""referrer"": ""search"", ""dwell_sec"": 7}",2025-09-27 14:46:08.756240+00
d4c863d2-0ee8-4be3-8a9a-e2d733a99663,6872cb5b-5430-460e-b2d7-baa38e087eea,4b118e6e-16fe-4b89-b29c-17edd6303d62,wishlist_add,5c5a479bdeb4428c8b3b4e6986f6aec7,{},2025-09-27 14:46:24.756240+00
76f60a4a-33a9-4135-8ea7-8317c4cc55e6,6872cb5b-5430-460e-b2d7-baa38e087eea,de2ff47e-217a-4f7d-be31-1b2a9926eda9,add_to_cart,5c5a479bdeb4428c8b3b4e6986f6aec7,"{""variant_id"": ""40c12a54-1ec6-46b1-b668-829c1653e95c"", ""quantity"": 1}",2025-09-27 14:46:55.756240+00
22692fc5-db91-4b0d-bf07-05c0adcab781,154e0ce8-9429-43ce-b35a-6e8a6a1eea13,8b635074-268f-466c-949e-aaaf0b143834,search_click,1019976d929c4631a103719c0dd3d298,"{""query"": ""classic Selvedge Denim Jeans formal"", ""rank"": 1, ""device"": ""mobile""}",2025-08-29 01:39:54.756240+00
8a0c66cc-129f-4020-9807-e75c633b5c83,154e0ce8-9429-43ce-b35a-6e8a6a1eea13,8b635074-268f-466c-949e-aaaf0b143834,view,1019976d929c4631a103719c0dd3d298,"{""referrer"": ""search"", ""dwell_sec"": 62}",2025-08-29 01:40:10.756240+00
5e3cce2a-0c48-42c5-af71-48b2e289361f,154e0ce8-9429-43ce-b35a-6e8a6a1eea13,80bf27c4-ceeb-45bb-b9d0-3696000167be,search_click,1019976d929c4631a103719c0dd3d298,"{""query"": ""classic Selvedge Denim Jeans formal"", ""rank"": 2, ""device"": ""desktop""}",2025-08-29 01:40:29.756240+00
05df5b7e-5bad-43b4-ba33-60cfdf7eb839,154e0ce8-9429-43ce-b35a-6e8a6a1eea13,80bf27c4-ceeb-45bb-b9d0-3696000167be,view,1019976d929c4631a103719c0dd3d298,"{""referrer"": ""search"", ""dwell_sec"": 63}",2025-08-29 01:40:42.756240+00
4c71ae46-4cd9-4935-8daa-7e5f26eaac3d,154e0ce8-9429-43ce-b35a-6e8a6a1eea13,1d19f678-f760-4786-9b01-1fb8917f0220,search_click,1019976d929c4631a103719c0dd3d298,"{""query"": ""classic Selvedge Denim Jeans formal"", ""rank"": 3, ""device"": ""desktop""}",2025-08-29 01:41:12.756240+00
3d23fb96-9847-41ca-9afc-223cafca9417,154e0ce8-9429-43ce-b35a-6e8a6a1eea13,1d19f678-f760-4786-9b01-1fb8917f0220,view,1019976d929c4631a103719c0dd3d298,"{""referrer"": ""search"", ""dwell_sec"": 45}",2025-08-29 01:41:18.756240+00
cf199410-158e-4587-9531-59efc5b01d57,154e0ce8-9429-43ce-b35a-6e8a6a1eea13,80bf27c4-ceeb-45bb-b9d0-3696000167be,wishlist_add,1019976d929c4631a103719c0dd3d298,{},2025-08-29 01:41:50.756240+00
486b8313-874e-4b5d-8f3c-d878898e91b7,154e0ce8-9429-43ce-b35a-6e8a6a1eea13,1d19f678-f760-4786-9b01-1fb8917f0220,add_to_cart,1019976d929c4631a103719c0dd3d298,"{""variant_id"": ""768d7e3e-b30a-4302-b609-2e9c40a7b450"", ""quantity"": 1}",2025-08-29 01:42:18.756240+00
0a98bd9f-2f31-4851-8f0c-ee4b7377ed2b,154e0ce8-9429-43ce-b35a-6e8a6a1eea13,80bf27c4-ceeb-45bb-b9d0-3696000167be,search_click,4fd98275952b4a25ba9f07583656c370,"{""query"": ""Crossbody Camera Bag daily summer formal"", ""rank"": 1, ""device"": ""desktop""}",2025-09-03 11:35:54.756240+00
81e54628-c8e9-42dc-9830-1c4a1fc08a4d,154e0ce8-9429-43ce-b35a-6e8a6a1eea13,80bf27c4-ceeb-45bb-b9d0-3696000167be,view,4fd98275952b4a25ba9f07583656c370,"{""referrer"": ""search"", ""dwell_sec"": 19}",2025-09-03 11:36:08.756240+00
bd400c3f-9e17-4b4a-865f-cd24dfcc0fc6,154e0ce8-9429-43ce-b35a-6e8a6a1eea13,58bce0b5-fe59-44c4-a5e4-0242444215bf,search_click,4fd98275952b4a25ba9f07583656c370,"{""query"": ""Crossbody Camera Bag daily summer formal"", ""rank"": 2, ""device"": ""desktop""}",2025-09-03 11:37:01.756240+00
64fba5a9-329d-4204-922f-526155622716,154e0ce8-9429-43ce-b35a-6e8a6a1eea13,58bce0b5-fe59-44c4-a5e4-0242444215bf,view,4fd98275952b4a25ba9f07583656c370,"{""referrer"": ""search"", ""dwell_sec"": 59}",2025-09-03 11:37:11.756240+00
0c3393fb-9947-4536-9973-961d5a806a68,154e0ce8-9429-43ce-b35a-6e8a6a1eea13,de2ff47e-217a-4f7d-be31-1b2a9926eda9,search_click,4fd98275952b4a25ba9f07583656c370,"{""query"": ""Crossbody Camera Bag daily summer formal"", ""rank"": 3, ""device"": ""mobile""}",2025-09-03 11:38:10.756240+00
d466a64a-df94-4464-9ac9-67a9c74f092c,154e0ce8-9429-43ce-b35a-6e8a6a1eea13,de2ff47e-217a-4f7d-be31-1b2a9926eda9,view,4fd98275952b4a25ba9f07583656c370,"{""referrer"": ""search"", ""dwell_sec"": 8}",2025-09-03 11:38:21.756240+00
5a05802d-1bf2-4a9c-9fa8-afce7e806b60,154e0ce8-9429-43ce-b35a-6e8a6a1eea13,58bce0b5-fe59-44c4-a5e4-0242444215bf,wishlist_add,4fd98275952b4a25ba9f07583656c370,{},2025-09-03 11:38:37.756240+00
6eb47837-2f4b-4523-91a8-85c00f2b19e6,154e0ce8-9429-43ce-b35a-6e8a6a1eea13,80bf27c4-ceeb-45bb-b9d0-3696000167be,add_to_cart,4fd98275952b4a25ba9f07583656c370,"{""variant_id"": ""e0a13f2e-ae29-45df-85bd-8465101931e8"", ""quantity"": 1}",2025-09-03 11:39:03.756240+00
eda8d466-bdcc-4c79-a857-cd4338e0ed7c,154e0ce8-9429-43ce-b35a-6e8a6a1eea13,80bf27c4-ceeb-45bb-b9d0-3696000167be,checkout_start,4fd98275952b4a25ba9f07583656c370,{},2025-09-03 11:39:48.756240+00
88a7174c-177a-4ec7-a07a-093e6b4b0b2f,154e0ce8-9429-43ce-b35a-6e8a6a1eea13,a31954ad-5c6c-4a28-9cb0-2c6c3dfe99cd,search_click,1dac506d00f040b482d4ad1fb9e94341,"{""query"": ""casual breathable travel"", ""rank"": 1, ""device"": ""desktop""}",2025-09-11 19:00:54.756240+00
7affd62e-e25c-4137-b946-c37075a48074,154e0ce8-9429-43ce-b35a-6e8a6a1eea13,a31954ad-5c6c-4a28-9cb0-2c6c3dfe99cd,view,1dac506d00f040b482d4ad1fb9e94341,"{""referrer"": ""search"", ""dwell_sec"": 41}",2025-09-11 19:01:00.756240+00
c5eb967e-d186-4d90-bc0d-d483d684ea3b,154e0ce8-9429-43ce-b35a-6e8a6a1eea13,8b635074-268f-466c-949e-aaaf0b143834,search_click,1dac506d00f040b482d4ad1fb9e94341,"{""query"": ""casual breathable travel"", ""rank"": 2, ""device"": ""desktop""}",2025-09-11 19:01:48.756240+00
299d9a2b-2ca4-453f-97d1-dd6121b409ce,154e0ce8-9429-43ce-b35a-6e8a6a1eea13,8b635074-268f-466c-949e-aaaf0b143834,view,1dac506d00f040b482d4ad1fb9e94341,"{""referrer"": ""search"", ""dwell_sec"": 10}",2025-09-11 19:02:00.756240+00
a1054f6d-8860-4325-a188-0a75a5c64566,154e0ce8-9429-43ce-b35a-6e8a6a1eea13,274fb507-6d75-46b0-87f5-8d873644c52c,search_click,1dac506d00f040b482d4ad1fb9e94341,"{""query"": ""casual breathable travel"", ""rank"": 3, ""device"": ""desktop""}",2025-09-11 19:02:19.756240+00
33dd31ce-e6c2-4b47-bcf4-07f75fffdd33,154e0ce8-9429-43ce-b35a-6e8a6a1eea13,274fb507-6d75-46b0-87f5-8d873644c52c,view,1dac506d00f040b482d4ad1fb9e94341,"{""referrer"": ""search"", ""dwell_sec"": 5}",2025-09-11 19:02:23.756240+00
c42c585c-1a8c-4fac-9a6b-4af6c5d56d4e,154e0ce8-9429-43ce-b35a-6e8a6a1eea13,a31954ad-5c6c-4a28-9cb0-2c6c3dfe99cd,wishlist_add,1dac506d00f040b482d4ad1fb9e94341,{},2025-09-11 19:02:41.756240+00
ee3e3e0f-c9a7-454b-a98d-4e7e8ff7a123,154e0ce8-9429-43ce-b35a-6e8a6a1eea13,8b635074-268f-466c-949e-aaaf0b143834,add_to_cart,1dac506d00f040b482d4ad1fb9e94341,"{""variant_id"": ""a7915ab5-4f59-42ef-9899-af05570c2362"", ""quantity"": 1}",2025-09-11 19:02:54.756240+00
20bb63a0-db29-45ef-a725-c06214f8f1b4,154e0ce8-9429-43ce-b35a-6e8a6a1eea13,a31954ad-5c6c-4a28-9cb0-2c6c3dfe99cd,add_to_cart,1dac506d00f040b482d4ad1fb9e94341,"{""variant_id"": ""2b6ff90a-7c59-484b-9a3f-732bf1043313"", ""quantity"": 1}",2025-09-11 19:03:33.756240+00
3143da73-1505-437e-b4fa-bbbd69bddfc1,154e0ce8-9429-43ce-b35a-6e8a6a1eea13,a31954ad-5c6c-4a28-9cb0-2c6c3dfe99cd,abandon_cart,1dac506d00f040b482d4ad1fb9e94341,{},2025-09-11 19:03:40.756240+00
1f66c6d6-49d1-4aa7-8ee0-e3b0721ae982,154e0ce8-9429-43ce-b35a-6e8a6a1eea13,274fb507-6d75-46b0-87f5-8d873644c52c,search_click,616fd46ecaa9474ba55be45e7c57cc18,"{""query"": ""minimalist daily summer sustainable"", ""rank"": 1, ""device"": ""desktop""}",2025-08-14 02:15:54.756240+00
aa81e9f7-e074-483f-9ea7-47b000b4f814,154e0ce8-9429-43ce-b35a-6e8a6a1eea13,274fb507-6d75-46b0-87f5-8d873644c52c,view,616fd46ecaa9474ba55be45e7c57cc18,"{""referrer"": ""search"", ""dwell_sec"": 36}",2025-08-14 02:16:00.756240+00
daa37d3e-d6a5-4fad-858c-2b809cb85c86,154e0ce8-9429-43ce-b35a-6e8a6a1eea13,60a51ad1-ba52-43e5-9218-54e27ca857e0,search_click,616fd46ecaa9474ba55be45e7c57cc18,"{""query"": ""minimalist daily summer sustainable"", ""rank"": 2, ""device"": ""desktop""}",2025-08-14 02:16:32.756240+00
c60b0ff5-6c18-4d23-a7db-e9f0779b326d,154e0ce8-9429-43ce-b35a-6e8a6a1eea13,60a51ad1-ba52-43e5-9218-54e27ca857e0,view,616fd46ecaa9474ba55be45e7c57cc18,"{""referrer"": ""search"", ""dwell_sec"": 55}",2025-08-14 02:16:37.756240+00
8d382d51-5ae7-4a72-a463-ca089037cd2d,154e0ce8-9429-43ce-b35a-6e8a6a1eea13,de2ff47e-217a-4f7d-be31-1b2a9926eda9,search_click,616fd46ecaa9474ba55be45e7c57cc18,"{""query"": ""minimalist daily summer sustainable"", ""rank"": 3, ""device"": ""desktop""}",2025-08-14 02:17:37.756240+00
beb4095f-ff6e-41f5-8855-0727537dadf3,154e0ce8-9429-43ce-b35a-6e8a6a1eea13,de2ff47e-217a-4f7d-be31-1b2a9926eda9,view,616fd46ecaa9474ba55be45e7c57cc18,"{""referrer"": ""search"", ""dwell_sec"": 33}",2025-08-14 02:17:50.756240+00
99cc9353-382b-4fc7-98df-18251001338e,154e0ce8-9429-43ce-b35a-6e8a6a1eea13,de2ff47e-217a-4f7d-be31-1b2a9926eda9,add_to_cart,616fd46ecaa9474ba55be45e7c57cc18,"{""variant_id"": ""40c12a54-1ec6-46b1-b668-829c1653e95c"", ""quantity"": 1}",2025-08-14 02:18:16.756240+00
7781de5c-418e-49ad-bff2-09c0aa6a6ff7,154e0ce8-9429-43ce-b35a-6e8a6a1eea13,de2ff47e-217a-4f7d-be31-1b2a9926eda9,checkout_start,616fd46ecaa9474ba55be45e7c57cc18,{},2025-08-14 02:18:30.756240+00
2cb45fa5-f9eb-44ac-806a-b18ca2f32b22,154e0ce8-9429-43ce-b35a-6e8a6a1eea13,de2ff47e-217a-4f7d-be31-1b2a9926eda9,search_click,8601ea706a8947929d5dc314e27a9d44,"{""query"": ""Silk Necktie silk summer formal"", ""rank"": 1, ""device"": ""mobile""}",2025-09-03 00:22:54.756240+00
03fbb60f-b2d2-4005-bf48-f8fbf3643a87,154e0ce8-9429-43ce-b35a-6e8a6a1eea13,de2ff47e-217a-4f7d-be31-1b2a9926eda9,view,8601ea706a8947929d5dc314e27a9d44,"{""referrer"": ""search"", ""dwell_sec"": 52}",2025-09-03 00:22:58.756240+00
b9e116a9-2ea8-4290-97c2-8ec751dfe4c4,154e0ce8-9429-43ce-b35a-6e8a6a1eea13,58bce0b5-fe59-44c4-a5e4-0242444215bf,search_click,8601ea706a8947929d5dc314e27a9d44,"{""query"": ""Silk Necktie silk summer formal"", ""rank"": 2, ""device"": ""desktop""}",2025-09-03 00:23:56.756240+00
45ce1734-7889-447b-b0bd-43d445f4a3c1,154e0ce8-9429-43ce-b35a-6e8a6a1eea13,58bce0b5-fe59-44c4-a5e4-0242444215bf,view,8601ea706a8947929d5dc314e27a9d44,"{""referrer"": ""search"", ""dwell_sec"": 87}",2025-09-03 00:24:01.756240+00
d8d293b8-a147-47de-b813-4dac61979731,154e0ce8-9429-43ce-b35a-6e8a6a1eea13,979f809c-bc8f-4eec-89ce-de32b4175b32,search_click,8601ea706a8947929d5dc314e27a9d44,"{""query"": ""Silk Necktie silk summer formal"", ""rank"": 3, ""device"": ""mobile""}",2025-09-03 00:25:01.756240+00
9fb4ec52-a1a1-4e44-b6d3-f29b36b145b3,154e0ce8-9429-43ce-b35a-6e8a6a1eea13,979f809c-bc8f-4eec-89ce-de32b4175b32,view,8601ea706a8947929d5dc314e27a9d44,"{""referrer"": ""search"", ""dwell_sec"": 64}",2025-09-03 00:25:16.756240+00
a8354e01-a73c-40fc-9d5a-1544a202ced1,154e0ce8-9429-43ce-b35a-6e8a6a1eea13,de2ff47e-217a-4f7d-be31-1b2a9926eda9,search_click,8601ea706a8947929d5dc314e27a9d44,"{""query"": ""Silk Necktie silk summer formal"", ""rank"": 4, ""device"": ""mobile""}",2025-09-03 00:25:58.756240+00
5c034848-3966-417b-910b-91e5c8675fe1,154e0ce8-9429-43ce-b35a-6e8a6a1eea13,de2ff47e-217a-4f7d-be31-1b2a9926eda9,view,8601ea706a8947929d5dc314e27a9d44,"{""referrer"": ""search"", ""dwell_sec"": 78}",2025-09-03 00:26:15.756240+00
85da7644-b9f1-43d3-b474-32ecf111470d,154e0ce8-9429-43ce-b35a-6e8a6a1eea13,a31954ad-5c6c-4a28-9cb0-2c6c3dfe99cd,search_click,8601ea706a8947929d5dc314e27a9d44,"{""query"": ""Silk Necktie silk summer formal"", ""rank"": 5, ""device"": ""mobile""}",2025-09-03 00:27:01.756240+00
27fb3e87-fa93-4926-aee3-8a86c01a86d5,154e0ce8-9429-43ce-b35a-6e8a6a1eea13,a31954ad-5c6c-4a28-9cb0-2c6c3dfe99cd,view,8601ea706a8947929d5dc314e27a9d44,"{""referrer"": ""search"", ""dwell_sec"": 82}",2025-09-03 00:27:14.756240+00
b50625ec-4448-430b-886d-d1f67e2c1d86,154e0ce8-9429-43ce-b35a-6e8a6a1eea13,979f809c-bc8f-4eec-89ce-de32b4175b32,add_to_cart,8601ea706a8947929d5dc314e27a9d44,"{""variant_id"": ""a08e6120-aecf-47ac-b82a-3deeb3e190f1"", ""quantity"": 1}",2025-09-03 00:27:49.756240+00
3034ff0a-e4d5-4bb6-a2da-f8ceecb09e84,5494890e-56c4-447e-a82a-7e7332e6711f,5adb709a-3442-4a19-88f1-9ad37b4012bd,search_click,5066514519d5444bb0a6fc15cb6c6ca9,"{""query"": ""luxury edgy winter sustainable"", ""rank"": 1, ""device"": ""desktop""}",2025-10-06 19:04:54.756240+00
31304712-2bcf-4742-b7c9-83ec3d860826,5494890e-56c4-447e-a82a-7e7332e6711f,5adb709a-3442-4a19-88f1-9ad37b4012bd,view,5066514519d5444bb0a6fc15cb6c6ca9,"{""referrer"": ""search"", ""dwell_sec"": 7}",2025-10-06 19:05:08.756240+00
1d08789d-7f83-4448-8bd7-578bb6cea6d0,5494890e-56c4-447e-a82a-7e7332e6711f,1d19f678-f760-4786-9b01-1fb8917f0220,search_click,5066514519d5444bb0a6fc15cb6c6ca9,"{""query"": ""luxury edgy winter sustainable"", ""rank"": 2, ""device"": ""desktop""}",2025-10-06 19:05:36.756240+00
c5202981-51f5-46cc-b3bd-5140908c9400,5494890e-56c4-447e-a82a-7e7332e6711f,1d19f678-f760-4786-9b01-1fb8917f0220,view,5066514519d5444bb0a6fc15cb6c6ca9,"{""referrer"": ""search"", ""dwell_sec"": 32}",2025-10-06 19:05:44.756240+00
a22553d5-4437-43aa-ab94-1a473c3fd7cc,5494890e-56c4-447e-a82a-7e7332e6711f,979f809c-bc8f-4eec-89ce-de32b4175b32,search_click,5066514519d5444bb0a6fc15cb6c6ca9,"{""query"": ""luxury edgy winter sustainable"", ""rank"": 3, ""device"": ""desktop""}",2025-10-06 19:06:10.756240+00
933843b0-ae69-4b08-974a-a0696f509749,5494890e-56c4-447e-a82a-7e7332e6711f,979f809c-bc8f-4eec-89ce-de32b4175b32,view,5066514519d5444bb0a6fc15cb6c6ca9,"{""referrer"": ""search"", ""dwell_sec"": 33}",2025-10-06 19:06:19.756240+00
32455a62-b2d2-4bf9-b101-8dde2418f915,5494890e-56c4-447e-a82a-7e7332e6711f,cd548d76-1702-4cf5-a5d1-c2101fac11f2,search_click,5066514519d5444bb0a6fc15cb6c6ca9,"{""query"": ""luxury edgy winter sustainable"", ""rank"": 4, ""device"": ""mobile""}",2025-10-06 19:06:32.756240+00
792bc542-9462-42af-af40-eef203db4103,5494890e-56c4-447e-a82a-7e7332e6711f,cd548d76-1702-4cf5-a5d1-c2101fac11f2,view,5066514519d5444bb0a6fc15cb6c6ca9,"{""referrer"": ""search"", ""dwell_sec"": 42}",2025-10-06 19:06:37.756240+00
c4459c97-06db-4661-a7af-ef238b718b20,5494890e-56c4-447e-a82a-7e7332e6711f,cd548d76-1702-4cf5-a5d1-c2101fac11f2,search_click,5066514519d5444bb0a6fc15cb6c6ca9,"{""query"": ""luxury edgy winter sustainable"", ""rank"": 5, ""device"": ""mobile""}",2025-10-06 19:07:36.756240+00
d6a6d19d-c00a-4274-950b-0e311e3acd9c,5494890e-56c4-447e-a82a-7e7332e6711f,cd548d76-1702-4cf5-a5d1-c2101fac11f2,view,5066514519d5444bb0a6fc15cb6c6ca9,"{""referrer"": ""search"", ""dwell_sec"": 89}",2025-10-06 19:07:40.756240+00
3d4788df-eefe-438a-903d-218692abb7bc,5494890e-56c4-447e-a82a-7e7332e6711f,1d19f678-f760-4786-9b01-1fb8917f0220,add_to_cart,5066514519d5444bb0a6fc15cb6c6ca9,"{""variant_id"": ""768d7e3e-b30a-4302-b609-2e9c40a7b450"", ""quantity"": 1}",2025-10-06 19:08:06.756240+00
cf5d4cf1-5d3d-4754-9914-a7b4ac039680,5494890e-56c4-447e-a82a-7e7332e6711f,cd548d76-1702-4cf5-a5d1-c2101fac11f2,add_to_cart,5066514519d5444bb0a6fc15cb6c6ca9,"{""variant_id"": ""5429e1e4-1607-4696-8b74-d3085cf8ffda"", ""quantity"": 2}",2025-10-06 19:08:37.756240+00
57794b3a-ae48-423c-870b-10e4790ee9fb,5494890e-56c4-447e-a82a-7e7332e6711f,d9fd706a-05fe-4cbf-aa17-ef87fba1bb1b,search_click,edb6860b3f854b75a34bdf30930a7779,"{""query"": ""leather outerwear sustainable winter"", ""rank"": 1, ""device"": ""desktop""}",2025-08-21 14:56:54.756240+00
1d5bdb04-2c3a-4f2e-8027-e0642b169298,5494890e-56c4-447e-a82a-7e7332e6711f,d9fd706a-05fe-4cbf-aa17-ef87fba1bb1b,view,edb6860b3f854b75a34bdf30930a7779,"{""referrer"": ""search"", ""dwell_sec"": 60}",2025-08-21 14:57:01.756240+00
2d3e3120-7bfb-420c-b697-22f297f8c889,5494890e-56c4-447e-a82a-7e7332e6711f,5adb709a-3442-4a19-88f1-9ad37b4012bd,search_click,edb6860b3f854b75a34bdf30930a7779,"{""query"": ""leather outerwear sustainable winter"", ""rank"": 2, ""device"": ""mobile""}",2025-08-21 14:57:11.756240+00
cef0ad71-a1a7-4d32-9232-4aff1f32a451,5494890e-56c4-447e-a82a-7e7332e6711f,5adb709a-3442-4a19-88f1-9ad37b4012bd,view,edb6860b3f854b75a34bdf30930a7779,"{""referrer"": ""search"", ""dwell_sec"": 49}",2025-08-21 14:57:28.756240+00
430c7642-cda9-4333-83aa-4b54ffde5786,5494890e-56c4-447e-a82a-7e7332e6711f,7a199e8b-b8e1-46d2-beb8-99ba92f52dcd,search_click,edb6860b3f854b75a34bdf30930a7779,"{""query"": ""leather outerwear sustainable winter"", ""rank"": 3, ""device"": ""desktop""}",2025-08-21 14:57:34.756240+00
ab77e4c4-cb10-4fab-bccd-0f3a0efe496d,5494890e-56c4-447e-a82a-7e7332e6711f,7a199e8b-b8e1-46d2-beb8-99ba92f52dcd,view,edb6860b3f854b75a34bdf30930a7779,"{""referrer"": ""search"", ""dwell_sec"": 55}",2025-08-21 14:57:38.756240+00
24b19126-946f-4295-bcdc-4f3776f92dde,5494890e-56c4-447e-a82a-7e7332e6711f,a31954ad-5c6c-4a28-9cb0-2c6c3dfe99cd,search_click,edb6860b3f854b75a34bdf30930a7779,"{""query"": ""leather outerwear sustainable winter"", ""rank"": 4, ""device"": ""desktop""}",2025-08-21 14:58:15.756240+00
3cb2846c-7e73-46e0-8d07-a705d3f0c8a0,5494890e-56c4-447e-a82a-7e7332e6711f,a31954ad-5c6c-4a28-9cb0-2c6c3dfe99cd,view,edb6860b3f854b75a34bdf30930a7779,"{""referrer"": ""search"", ""dwell_sec"": 54}",2025-08-21 14:58:25.756240+00
acf56c9d-745b-4ea1-afdf-f7b15160409f,5494890e-56c4-447e-a82a-7e7332e6711f,979f809c-bc8f-4eec-89ce-de32b4175b32,search_click,edb6860b3f854b75a34bdf30930a7779,"{""query"": ""leather outerwear sustainable winter"", ""rank"": 5, ""device"": ""desktop""}",2025-08-21 14:58:35.756240+00
f0ab6d65-df43-4e88-836f-b0b04c6814a8,5494890e-56c4-447e-a82a-7e7332e6711f,979f809c-bc8f-4eec-89ce-de32b4175b32,view,edb6860b3f854b75a34bdf30930a7779,"{""referrer"": ""search"", ""dwell_sec"": 8}",2025-08-21 14:58:45.756240+00
da33fb04-dc65-4631-b844-bc3e39f843ba,5494890e-56c4-447e-a82a-7e7332e6711f,783a36aa-334d-4e88-88cf-65b04f6a0fc3,search_click,edb6860b3f854b75a34bdf30930a7779,"{""query"": ""leather outerwear sustainable winter"", ""rank"": 6, ""device"": ""mobile""}",2025-08-21 14:59:10.756240+00
3ac97c9c-571b-418f-94f8-d182c1b35dcf,5494890e-56c4-447e-a82a-7e7332e6711f,783a36aa-334d-4e88-88cf-65b04f6a0fc3,view,edb6860b3f854b75a34bdf30930a7779,"{""referrer"": ""search"", ""dwell_sec"": 23}",2025-08-21 14:59:23.756240+00
74a87ffa-14fa-4e08-9479-85d964472ee7,5494890e-56c4-447e-a82a-7e7332e6711f,a31954ad-5c6c-4a28-9cb0-2c6c3dfe99cd,wishlist_add,edb6860b3f854b75a34bdf30930a7779,{},2025-08-21 14:59:36.756240+00
b9db8436-d8f3-4446-9058-9d1e2c8cc662,5494890e-56c4-447e-a82a-7e7332e6711f,a31954ad-5c6c-4a28-9cb0-2c6c3dfe99cd,add_to_cart,edb6860b3f854b75a34bdf30930a7779,"{""variant_id"": ""2b6ff90a-7c59-484b-9a3f-732bf1043313"", ""quantity"": 1}",2025-08-21 14:59:49.756240+00
d4cb2e2b-4de7-4f03-9ea4-06fbc79ae98c,5494890e-56c4-447e-a82a-7e7332e6711f,979f809c-bc8f-4eec-89ce-de32b4175b32,add_to_cart,edb6860b3f854b75a34bdf30930a7779,"{""variant_id"": ""a08e6120-aecf-47ac-b82a-3deeb3e190f1"", ""quantity"": 1}",2025-08-21 15:00:03.756240+00
956ef33f-13ce-4e93-918f-3dfe492db637,5494890e-56c4-447e-a82a-7e7332e6711f,a31954ad-5c6c-4a28-9cb0-2c6c3dfe99cd,abandon_cart,edb6860b3f854b75a34bdf30930a7779,{},2025-08-21 15:00:23.756240+00
975f6b11-cf3d-48d5-9758-67a5e039ab5a,5494890e-56c4-447e-a82a-7e7332e6711f,783a36aa-334d-4e88-88cf-65b04f6a0fc3,search_click,4b9c0c880d814baca7f0764566288a33,"{""query"": ""classic Minimalist Leather Belt winter"", ""rank"": 1, ""device"": ""desktop""}",2025-09-25 15:30:54.756240+00
178e2f35-e7de-4cc0-afc5-289566d1eaba,5494890e-56c4-447e-a82a-7e7332e6711f,783a36aa-334d-4e88-88cf-65b04f6a0fc3,view,4b9c0c880d814baca7f0764566288a33,"{""referrer"": ""search"", ""dwell_sec"": 72}",2025-09-25 15:30:59.756240+00
f003314d-f3e9-4eec-9790-8d99bd1ec28b,5494890e-56c4-447e-a82a-7e7332e6711f,979f809c-bc8f-4eec-89ce-de32b4175b32,search_click,4b9c0c880d814baca7f0764566288a33,"{""query"": ""classic Minimalist Leather Belt winter"", ""rank"": 2, ""device"": ""mobile""}",2025-09-25 15:31:38.756240+00
394de2c6-d9d2-457d-bad3-1c1e217edc0c,5494890e-56c4-447e-a82a-7e7332e6711f,979f809c-bc8f-4eec-89ce-de32b4175b32,view,4b9c0c880d814baca7f0764566288a33,"{""referrer"": ""search"", ""dwell_sec"": 65}",2025-09-25 15:31:53.756240+00
a64f80a1-f914-4a13-a8ab-8b5a34a95004,5494890e-56c4-447e-a82a-7e7332e6711f,979f809c-bc8f-4eec-89ce-de32b4175b32,add_to_cart,4b9c0c880d814baca7f0764566288a33,"{""variant_id"": ""a08e6120-aecf-47ac-b82a-3deeb3e190f1"", ""quantity"": 1}",2025-09-25 15:32:00.756240+00
8411fc21-f0b9-45d3-a5e0-484283df709a,5494890e-56c4-447e-a82a-7e7332e6711f,979f809c-bc8f-4eec-89ce-de32b4175b32,abandon_cart,4b9c0c880d814baca7f0764566288a33,{},2025-09-25 15:32:26.756240+00
9cc75f58-7bf6-492f-82e7-b7488834d8f8,5494890e-56c4-447e-a82a-7e7332e6711f,b0de0f60-82c8-4e43-a209-4528f01d0b4a,search_click,7291886ec0a14702aec6c3fea980e0c8,"{""query"": ""leather luxury travel winter"", ""rank"": 1, ""device"": ""desktop""}",2025-09-06 18:18:54.756240+00
d039e4f0-601d-4d75-b377-9143ad565cfb,5494890e-56c4-447e-a82a-7e7332e6711f,b0de0f60-82c8-4e43-a209-4528f01d0b4a,view,7291886ec0a14702aec6c3fea980e0c8,"{""referrer"": ""search"", ""dwell_sec"": 9}",2025-09-06 18:19:05.756240+00
d8e4e478-6284-460e-87d3-0f8bc10fe7c5,5494890e-56c4-447e-a82a-7e7332e6711f,4f37e0ee-e916-47ea-affc-4d01665bb2db,search_click,7291886ec0a14702aec6c3fea980e0c8,"{""query"": ""leather luxury travel winter"", ""rank"": 2, ""device"": ""mobile""}",2025-09-06 18:19:58.756240+00
1c748980-fdba-426c-aca1-44f4190d219a,5494890e-56c4-447e-a82a-7e7332e6711f,4f37e0ee-e916-47ea-affc-4d01665bb2db,view,7291886ec0a14702aec6c3fea980e0c8,"{""referrer"": ""search"", ""dwell_sec"": 50}",2025-09-06 18:20:10.756240+00
a101f530-7286-4971-9fe4-b89a6d53cb07,5494890e-56c4-447e-a82a-7e7332e6711f,783a36aa-334d-4e88-88cf-65b04f6a0fc3,search_click,7291886ec0a14702aec6c3fea980e0c8,"{""query"": ""leather luxury travel winter"", ""rank"": 3, ""device"": ""mobile""}",2025-09-06 18:21:10.756240+00
e2946dbd-5d7c-405d-ad3f-ea1ae05361cf,5494890e-56c4-447e-a82a-7e7332e6711f,783a36aa-334d-4e88-88cf-65b04f6a0fc3,view,7291886ec0a14702aec6c3fea980e0c8,"{""referrer"": ""search"", ""dwell_sec"": 39}",2025-09-06 18:21:23.756240+00
5b11a8fc-2966-49b1-a5d8-64eb9e4853ff,5494890e-56c4-447e-a82a-7e7332e6711f,b0925a87-018c-48ca-a1dd-fa67f1d7446a,search_click,7291886ec0a14702aec6c3fea980e0c8,"{""query"": ""leather luxury travel winter"", ""rank"": 4, ""device"": ""desktop""}",2025-09-06 18:21:35.756240+00
b62f5c51-62ff-4afe-a55b-52d9348b1c49,5494890e-56c4-447e-a82a-7e7332e6711f,b0925a87-018c-48ca-a1dd-fa67f1d7446a,view,7291886ec0a14702aec6c3fea980e0c8,"{""referrer"": ""search"", ""dwell_sec"": 56}",2025-09-06 18:21:51.756240+00
ba3f4365-3b29-4ded-99a9-8c85fbd888cd,5494890e-56c4-447e-a82a-7e7332e6711f,4f37e0ee-e916-47ea-affc-4d01665bb2db,add_to_cart,7291886ec0a14702aec6c3fea980e0c8,"{""variant_id"": ""20cda505-cc52-4093-a493-055054d415f3"", ""quantity"": 2}",2025-09-06 18:22:43.756240+00
58a90a61-8c28-441e-89e9-f2c302a9dbcf,eea8c893-248d-40ad-a747-ed3a7ec298a6,cd548d76-1702-4cf5-a5d1-c2101fac11f2,search_click,4c527c7f2276465a9ff114523f8ed2c7,"{""query"": ""classic denim sustainable travel"", ""rank"": 1, ""device"": ""desktop""}",2025-09-21 14:32:54.756240+00
e1654bf8-c338-4965-bf4e-187c3cdde99c,eea8c893-248d-40ad-a747-ed3a7ec298a6,cd548d76-1702-4cf5-a5d1-c2101fac11f2,view,4c527c7f2276465a9ff114523f8ed2c7,"{""referrer"": ""search"", ""dwell_sec"": 70}",2025-09-21 14:33:08.756240+00
5a4f818c-00dc-4ba9-9370-7cb78c918c9d,eea8c893-248d-40ad-a747-ed3a7ec298a6,979f809c-bc8f-4eec-89ce-de32b4175b32,search_click,4c527c7f2276465a9ff114523f8ed2c7,"{""query"": ""classic denim sustainable travel"", ""rank"": 2, ""device"": ""mobile""}",2025-09-21 14:34:04.756240+00
7128dfc6-6fec-4ffa-964a-e6b7c8178e16,eea8c893-248d-40ad-a747-ed3a7ec298a6,979f809c-bc8f-4eec-89ce-de32b4175b32,view,4c527c7f2276465a9ff114523f8ed2c7,"{""referrer"": ""search"", ""dwell_sec"": 23}",2025-09-21 14:34:07.756240+00
db3af708-f15d-4a03-b08b-3efa1d6d2705,eea8c893-248d-40ad-a747-ed3a7ec298a6,aa9058c2-3702-4840-909d-4536f8ef27e7,search_click,4c527c7f2276465a9ff114523f8ed2c7,"{""query"": ""classic denim sustainable travel"", ""rank"": 3, ""device"": ""desktop""}",2025-09-21 14:35:06.756240+00
aa642825-8a23-4006-9dbd-e58aeb96639d,eea8c893-248d-40ad-a747-ed3a7ec298a6,aa9058c2-3702-4840-909d-4536f8ef27e7,view,4c527c7f2276465a9ff114523f8ed2c7,"{""referrer"": ""search"", ""dwell_sec"": 21}",2025-09-21 14:35:10.756240+00
a5f59797-dacb-4ac9-889f-37eb8a6c1308,eea8c893-248d-40ad-a747-ed3a7ec298a6,aa9058c2-3702-4840-909d-4536f8ef27e7,wishlist_add,4c527c7f2276465a9ff114523f8ed2c7,{},2025-09-21 14:35:19.756240+00
5d82e0a0-1995-4ff5-8418-3c47ad683892,eea8c893-248d-40ad-a747-ed3a7ec298a6,aa9058c2-3702-4840-909d-4536f8ef27e7,add_to_cart,4c527c7f2276465a9ff114523f8ed2c7,"{""variant_id"": ""ef0b69db-be9f-4fbb-be5d-c1e8b694b785"", ""quantity"": 2}",2025-09-21 14:35:47.756240+00
2da8ba64-763b-4efc-acd8-d4f0496d041f,eea8c893-248d-40ad-a747-ed3a7ec298a6,aa9058c2-3702-4840-909d-4536f8ef27e7,checkout_start,4c527c7f2276465a9ff114523f8ed2c7,{},2025-09-21 14:36:20.756240+00
96f1ffad-8fb5-4427-9644-da6e1c957e11,eea8c893-248d-40ad-a747-ed3a7ec298a6,a72d121a-7487-438d-b961-cbbf19626135,search_click,5f9473af8ad04f5d8812431eb5fd4e38,"{""query"": ""Linen Summer Blazer linen sustainable travel"", ""rank"": 1, ""device"": ""desktop""}",2025-08-30 20:55:54.756240+00
2cf39da3-5fff-498a-b13f-237f1dddba1b,eea8c893-248d-40ad-a747-ed3a7ec298a6,a72d121a-7487-438d-b961-cbbf19626135,view,5f9473af8ad04f5d8812431eb5fd4e38,"{""referrer"": ""search"", ""dwell_sec"": 75}",2025-08-30 20:55:59.756240+00
373748b5-fc58-40c3-b68b-a7265ebee31e,eea8c893-248d-40ad-a747-ed3a7ec298a6,a72d121a-7487-438d-b961-cbbf19626135,search_click,5f9473af8ad04f5d8812431eb5fd4e38,"{""query"": ""Linen Summer Blazer linen sustainable travel"", ""rank"": 2, ""device"": ""desktop""}",2025-08-30 20:56:38.756240+00
b92dce39-1110-43fa-a2a8-75ce60cb8c9a,eea8c893-248d-40ad-a747-ed3a7ec298a6,a72d121a-7487-438d-b961-cbbf19626135,view,5f9473af8ad04f5d8812431eb5fd4e38,"{""referrer"": ""search"", ""dwell_sec"": 25}",2025-08-30 20:56:50.756240+00
26ca5b92-c792-492c-b12d-7c318ff60321,eea8c893-248d-40ad-a747-ed3a7ec298a6,1d19f678-f760-4786-9b01-1fb8917f0220,search_click,5f9473af8ad04f5d8812431eb5fd4e38,"{""query"": ""Linen Summer Blazer linen sustainable travel"", ""rank"": 3, ""device"": ""mobile""}",2025-08-30 20:57:40.756240+00
7a6129d2-8f3b-49e3-9d08-aa612b2c2dc9,eea8c893-248d-40ad-a747-ed3a7ec298a6,1d19f678-f760-4786-9b01-1fb8917f0220,view,5f9473af8ad04f5d8812431eb5fd4e38,"{""referrer"": ""search"", ""dwell_sec"": 70}",2025-08-30 20:57:54.756240+00
b0e2b19a-1051-41b7-88fd-13742138e555,eea8c893-248d-40ad-a747-ed3a7ec298a6,b0925a87-018c-48ca-a1dd-fa67f1d7446a,search_click,5f9473af8ad04f5d8812431eb5fd4e38,"{""query"": ""Linen Summer Blazer linen sustainable travel"", ""rank"": 4, ""device"": ""mobile""}",2025-08-30 20:58:13.756240+00
f8c004e6-4e0f-43a8-b835-061c93352a1f,eea8c893-248d-40ad-a747-ed3a7ec298a6,b0925a87-018c-48ca-a1dd-fa67f1d7446a,view,5f9473af8ad04f5d8812431eb5fd4e38,"{""referrer"": ""search"", ""dwell_sec"": 22}",2025-08-30 20:58:22.756240+00
17362ba8-9de7-49a7-856f-b6deffbc6edc,eea8c893-248d-40ad-a747-ed3a7ec298a6,979f809c-bc8f-4eec-89ce-de32b4175b32,search_click,5f9473af8ad04f5d8812431eb5fd4e38,"{""query"": ""Linen Summer Blazer linen sustainable travel"", ""rank"": 5, ""device"": ""desktop""}",2025-08-30 20:58:42.756240+00
64306e85-edcb-4e25-be09-8cdcd4e74f13,eea8c893-248d-40ad-a747-ed3a7ec298a6,979f809c-bc8f-4eec-89ce-de32b4175b32,view,5f9473af8ad04f5d8812431eb5fd4e38,"{""referrer"": ""search"", ""dwell_sec"": 51}",2025-08-30 20:58:45.756240+00
d52ea380-7119-41d7-a038-e61e0e0ebb1d,eea8c893-248d-40ad-a747-ed3a7ec298a6,783a36aa-334d-4e88-88cf-65b04f6a0fc3,search_click,cca8df94bbee43e78f34213f4d5e1c6e,"{""query"": ""durable classic sustainable travel"", ""rank"": 1, ""device"": ""mobile""}",2025-10-06 19:45:54.756240+00
ffe8a9c6-377d-47fb-9140-da06fced365a,eea8c893-248d-40ad-a747-ed3a7ec298a6,783a36aa-334d-4e88-88cf-65b04f6a0fc3,view,cca8df94bbee43e78f34213f4d5e1c6e,"{""referrer"": ""search"", ""dwell_sec"": 71}",2025-10-06 19:46:00.756240+00
c981fd27-d377-4342-8ba1-95003712f9f0,eea8c893-248d-40ad-a747-ed3a7ec298a6,a31954ad-5c6c-4a28-9cb0-2c6c3dfe99cd,search_click,cca8df94bbee43e78f34213f4d5e1c6e,"{""query"": ""durable classic sustainable travel"", ""rank"": 2, ""device"": ""desktop""}",2025-10-06 19:46:14.756240+00
5907daf1-89b1-4041-af85-e495e80973e8,eea8c893-248d-40ad-a747-ed3a7ec298a6,a31954ad-5c6c-4a28-9cb0-2c6c3dfe99cd,view,cca8df94bbee43e78f34213f4d5e1c6e,"{""referrer"": ""search"", ""dwell_sec"": 25}",2025-10-06 19:46:22.756240+00
b564fa51-eda0-43fa-a806-41c0cbcec4e8,eea8c893-248d-40ad-a747-ed3a7ec298a6,de2ff47e-217a-4f7d-be31-1b2a9926eda9,search_click,cca8df94bbee43e78f34213f4d5e1c6e,"{""query"": ""durable classic sustainable travel"", ""rank"": 3, ""device"": ""mobile""}",2025-10-06 19:46:47.756240+00
685add35-c390-473a-a56b-63326281d9ed,eea8c893-248d-40ad-a747-ed3a7ec298a6,de2ff47e-217a-4f7d-be31-1b2a9926eda9,view,cca8df94bbee43e78f34213f4d5e1c6e,"{""referrer"": ""search"", ""dwell_sec"": 71}",2025-10-06 19:47:01.756240+00
0ed285af-bd3e-4e7c-9430-bccf8b0bea8f,eea8c893-248d-40ad-a747-ed3a7ec298a6,a31954ad-5c6c-4a28-9cb0-2c6c3dfe99cd,search_click,cca8df94bbee43e78f34213f4d5e1c6e,"{""query"": ""durable classic sustainable travel"", ""rank"": 4, ""device"": ""mobile""}",2025-10-06 19:47:24.756240+00
8f4b0b70-c732-4439-bc62-5b7fe852c03a,eea8c893-248d-40ad-a747-ed3a7ec298a6,a31954ad-5c6c-4a28-9cb0-2c6c3dfe99cd,view,cca8df94bbee43e78f34213f4d5e1c6e,"{""referrer"": ""search"", ""dwell_sec"": 30}",2025-10-06 19:47:35.756240+00
77a5cb8e-9bac-4538-a13f-e45f4eba1623,eea8c893-248d-40ad-a747-ed3a7ec298a6,783a36aa-334d-4e88-88cf-65b04f6a0fc3,add_to_cart,cca8df94bbee43e78f34213f4d5e1c6e,"{""variant_id"": ""da5b40b9-dd00-40a2-ae26-61dffaed58d7"", ""quantity"": 2}",2025-10-06 19:48:20.756240+00
d460ec95-f7c1-40fb-a681-419664a34c81,eea8c893-248d-40ad-a747-ed3a7ec298a6,de2ff47e-217a-4f7d-be31-1b2a9926eda9,add_to_cart,cca8df94bbee43e78f34213f4d5e1c6e,"{""variant_id"": ""40c12a54-1ec6-46b1-b668-829c1653e95c"", ""quantity"": 2}",2025-10-06 19:48:35.756240+00
deff88b8-96e5-4b8e-9dae-b1e5fc554dc9,eea8c893-248d-40ad-a747-ed3a7ec298a6,783a36aa-334d-4e88-88cf-65b04f6a0fc3,checkout_start,cca8df94bbee43e78f34213f4d5e1c6e,{},2025-10-06 19:48:42.756240+00
4e28bb5f-8877-4dad-a341-d48c00aa7341,eea8c893-248d-40ad-a747-ed3a7ec298a6,979f809c-bc8f-4eec-89ce-de32b4175b32,search_click,8394f63a080f4dedbfc3bbb046978fb8,"{""query"": ""classic office sustainable"", ""rank"": 1, ""device"": ""desktop""}",2025-09-24 08:57:54.756240+00
84278559-05f7-4bd5-9d15-2057a0f90640,eea8c893-248d-40ad-a747-ed3a7ec298a6,979f809c-bc8f-4eec-89ce-de32b4175b32,view,8394f63a080f4dedbfc3bbb046978fb8,"{""referrer"": ""search"", ""dwell_sec"": 21}",2025-09-24 08:58:09.756240+00
03fc1cd5-a762-4a87-9d06-074db96bcd26,eea8c893-248d-40ad-a747-ed3a7ec298a6,80bf27c4-ceeb-45bb-b9d0-3696000167be,search_click,8394f63a080f4dedbfc3bbb046978fb8,"{""query"": ""classic office sustainable"", ""rank"": 2, ""device"": ""desktop""}",2025-09-24 08:59:02.756240+00
e192cb40-1dca-4a52-80f5-c1abea333f60,eea8c893-248d-40ad-a747-ed3a7ec298a6,80bf27c4-ceeb-45bb-b9d0-3696000167be,view,8394f63a080f4dedbfc3bbb046978fb8,"{""referrer"": ""search"", ""dwell_sec"": 45}",2025-09-24 08:59:08.756240+00
631fbcc4-2c4d-42d7-a6fa-6689349032c1,eea8c893-248d-40ad-a747-ed3a7ec298a6,b0de0f60-82c8-4e43-a209-4528f01d0b4a,search_click,8394f63a080f4dedbfc3bbb046978fb8,"{""query"": ""classic office sustainable"", ""rank"": 3, ""device"": ""desktop""}",2025-09-24 08:59:28.756240+00
ba03d805-984d-45d1-b6f2-96522ce74d43,eea8c893-248d-40ad-a747-ed3a7ec298a6,b0de0f60-82c8-4e43-a209-4528f01d0b4a,view,8394f63a080f4dedbfc3bbb046978fb8,"{""referrer"": ""search"", ""dwell_sec"": 39}",2025-09-24 08:59:34.756240+00
e4405309-a076-46d1-b4cc-1b9c1f384b38,eea8c893-248d-40ad-a747-ed3a7ec298a6,58bce0b5-fe59-44c4-a5e4-0242444215bf,search_click,8394f63a080f4dedbfc3bbb046978fb8,"{""query"": ""classic office sustainable"", ""rank"": 4, ""device"": ""mobile""}",2025-09-24 09:00:07.756240+00
071b8c13-97a7-4092-95dc-19d2b72ba956,eea8c893-248d-40ad-a747-ed3a7ec298a6,58bce0b5-fe59-44c4-a5e4-0242444215bf,view,8394f63a080f4dedbfc3bbb046978fb8,"{""referrer"": ""search"", ""dwell_sec"": 17}",2025-09-24 09:00:14.756240+00
9accc8c0-28c6-41d9-8a9b-ae659de0f611,eea8c893-248d-40ad-a747-ed3a7ec298a6,6d056ecb-5e47-44bb-b9ef-d33e87f98d96,search_click,8394f63a080f4dedbfc3bbb046978fb8,"{""query"": ""classic office sustainable"", ""rank"": 5, ""device"": ""desktop""}",2025-09-24 09:00:22.756240+00
698c3988-8041-4055-82c3-323074f5c4b5,eea8c893-248d-40ad-a747-ed3a7ec298a6,6d056ecb-5e47-44bb-b9ef-d33e87f98d96,view,8394f63a080f4dedbfc3bbb046978fb8,"{""referrer"": ""search"", ""dwell_sec"": 83}",2025-09-24 09:00:37.756240+00
324afa2a-c6c6-4217-ba96-537f53e0313a,eea8c893-248d-40ad-a747-ed3a7ec298a6,80bf27c4-ceeb-45bb-b9d0-3696000167be,wishlist_add,8394f63a080f4dedbfc3bbb046978fb8,{},2025-09-24 09:01:08.756240+00
d0cd6ac8-aead-4b89-991b-2f9c902d8ae4,eea8c893-248d-40ad-a747-ed3a7ec298a6,80bf27c4-ceeb-45bb-b9d0-3696000167be,add_to_cart,8394f63a080f4dedbfc3bbb046978fb8,"{""variant_id"": ""e30c40c5-80c2-43fb-814b-8237ad3c2656"", ""quantity"": 1}",2025-09-24 09:01:33.756240+00
67e7d64f-2a31-4436-a87a-f9f8eedb3638,eea8c893-248d-40ad-a747-ed3a7ec298a6,6d056ecb-5e47-44bb-b9ef-d33e87f98d96,add_to_cart,8394f63a080f4dedbfc3bbb046978fb8,"{""variant_id"": ""78f495d4-109a-4d87-9e88-202641f031d5"", ""quantity"": 1}",2025-09-24 09:02:09.756240+00
9e531c05-5f47-4be5-a91f-8a79e8e2a82d,04c10be8-f8bb-47cf-a282-00bae07dfff6,a72d121a-7487-438d-b961-cbbf19626135,search_click,f351fdf31d23491e972f84a59c808318,"{""query"": ""everyday High-Rise Straight Jeans casual"", ""rank"": 1, ""device"": ""mobile""}",2025-08-23 16:47:54.756240+00
1bb992bc-faff-4ed8-904f-e4277b3c9121,04c10be8-f8bb-47cf-a282-00bae07dfff6,a72d121a-7487-438d-b961-cbbf19626135,view,f351fdf31d23491e972f84a59c808318,"{""referrer"": ""search"", ""dwell_sec"": 9}",2025-08-23 16:47:58.756240+00
7257f3ce-7c4e-4881-a898-64437dcf5f14,04c10be8-f8bb-47cf-a282-00bae07dfff6,de2ff47e-217a-4f7d-be31-1b2a9926eda9,search_click,f351fdf31d23491e972f84a59c808318,"{""query"": ""everyday High-Rise Straight Jeans casual"", ""rank"": 2, ""device"": ""desktop""}",2025-08-23 16:48:11.756240+00
7458e5c8-fb1b-45c9-84b6-36227e3b47f5,04c10be8-f8bb-47cf-a282-00bae07dfff6,de2ff47e-217a-4f7d-be31-1b2a9926eda9,view,f351fdf31d23491e972f84a59c808318,"{""referrer"": ""search"", ""dwell_sec"": 71}",2025-08-23 16:48:29.756240+00
e11a384a-fd7f-491d-a32f-75c1155bed0e,04c10be8-f8bb-47cf-a282-00bae07dfff6,1323fd17-1e4c-4b33-a1a9-6d1ef29bbb23,search_click,f351fdf31d23491e972f84a59c808318,"{""query"": ""everyday High-Rise Straight Jeans casual"", ""rank"": 3, ""device"": ""mobile""}",2025-08-23 16:49:03.756240+00
43676ebc-c3ec-43be-9a06-8b592b711bf2,04c10be8-f8bb-47cf-a282-00bae07dfff6,1323fd17-1e4c-4b33-a1a9-6d1ef29bbb23,view,f351fdf31d23491e972f84a59c808318,"{""referrer"": ""search"", ""dwell_sec"": 46}",2025-08-23 16:49:10.756240+00
123d2a0f-ff8a-4045-8e4b-e1eb53177428,04c10be8-f8bb-47cf-a282-00bae07dfff6,274fb507-6d75-46b0-87f5-8d873644c52c,search_click,f351fdf31d23491e972f84a59c808318,"{""query"": ""everyday High-Rise Straight Jeans casual"", ""rank"": 4, ""device"": ""desktop""}",2025-08-23 16:49:54.756240+00
684e4ea4-66dc-4652-9bbd-3ca788be800f,04c10be8-f8bb-47cf-a282-00bae07dfff6,274fb507-6d75-46b0-87f5-8d873644c52c,view,f351fdf31d23491e972f84a59c808318,"{""referrer"": ""search"", ""dwell_sec"": 55}",2025-08-23 16:50:02.756240+00
a5ca6b20-4e0a-4d2b-af87-99bb85419d81,04c10be8-f8bb-47cf-a282-00bae07dfff6,274fb507-6d75-46b0-87f5-8d873644c52c,add_to_cart,f351fdf31d23491e972f84a59c808318,"{""variant_id"": ""9bba37b9-5099-4190-a8eb-08fb51c3538b"", ""quantity"": 2}",2025-08-23 16:50:46.756240+00
67325a89-d19f-4428-b40d-61605f2e0914,04c10be8-f8bb-47cf-a282-00bae07dfff6,1323fd17-1e4c-4b33-a1a9-6d1ef29bbb23,add_to_cart,f351fdf31d23491e972f84a59c808318,"{""variant_id"": ""88b3b2d1-0e1f-4d17-ba34-c8c5fef08b4d"", ""quantity"": 1}",2025-08-23 16:51:12.756240+00
05b9095a-52d2-4d76-bbb6-42a237a02126,04c10be8-f8bb-47cf-a282-00bae07dfff6,274fb507-6d75-46b0-87f5-8d873644c52c,checkout_start,f351fdf31d23491e972f84a59c808318,{},2025-08-23 16:51:57.756240+00
fbfa053f-d6d2-4e24-8746-d60ade6a842f,04c10be8-f8bb-47cf-a282-00bae07dfff6,8b635074-268f-466c-949e-aaaf0b143834,search_click,0b1b07cbffdd4d20920f678ef448779c,"{""query"": ""classic everyday winter"", ""rank"": 1, ""device"": ""mobile""}",2025-09-04 21:24:54.756240+00
99a33ce2-fd7c-41fb-8bac-18d4993ef395,04c10be8-f8bb-47cf-a282-00bae07dfff6,8b635074-268f-466c-949e-aaaf0b143834,view,0b1b07cbffdd4d20920f678ef448779c,"{""referrer"": ""search"", ""dwell_sec"": 71}",2025-09-04 21:25:01.756240+00
f2f3952d-51ca-4645-84d9-9f8e8599d1a6,04c10be8-f8bb-47cf-a282-00bae07dfff6,979f809c-bc8f-4eec-89ce-de32b4175b32,search_click,0b1b07cbffdd4d20920f678ef448779c,"{""query"": ""classic everyday winter"", ""rank"": 2, ""device"": ""desktop""}",2025-09-04 21:25:19.756240+00
13fad43c-14d7-4d78-a8c4-e6dd114fac58,04c10be8-f8bb-47cf-a282-00bae07dfff6,979f809c-bc8f-4eec-89ce-de32b4175b32,view,0b1b07cbffdd4d20920f678ef448779c,"{""referrer"": ""search"", ""dwell_sec"": 72}",2025-09-04 21:25:37.756240+00
3b8e9203-5c7c-48b4-b0b2-bfcbd052925f,04c10be8-f8bb-47cf-a282-00bae07dfff6,8b635074-268f-466c-949e-aaaf0b143834,wishlist_add,0b1b07cbffdd4d20920f678ef448779c,{},2025-09-04 21:26:06.756240+00
482528b3-666a-4f0c-a206-6ac1b6b2a4bc,04c10be8-f8bb-47cf-a282-00bae07dfff6,979f809c-bc8f-4eec-89ce-de32b4175b32,add_to_cart,0b1b07cbffdd4d20920f678ef448779c,"{""variant_id"": ""a08e6120-aecf-47ac-b82a-3deeb3e190f1"", ""quantity"": 2}",2025-09-04 21:26:40.756240+00
9b155060-e513-4c0a-8b52-3739d7996dca,04c10be8-f8bb-47cf-a282-00bae07dfff6,8b635074-268f-466c-949e-aaaf0b143834,add_to_cart,0b1b07cbffdd4d20920f678ef448779c,"{""variant_id"": ""a48d0873-89b5-4347-8e99-82d0f08ab503"", ""quantity"": 1}",2025-09-04 21:27:20.756240+00
8f92c3cc-7f9c-41af-8a54-9ff105dc7ca5,04c10be8-f8bb-47cf-a282-00bae07dfff6,58bce0b5-fe59-44c4-a5e4-0242444215bf,search_click,0039cda8444b4a5b9bab08f2d19bfcc8,"{""query"": ""travel casual formal"", ""rank"": 1, ""device"": ""mobile""}",2025-09-09 18:40:54.756240+00
aaf97614-9066-48ac-a9cc-24ce664f5cce,04c10be8-f8bb-47cf-a282-00bae07dfff6,58bce0b5-fe59-44c4-a5e4-0242444215bf,view,0039cda8444b4a5b9bab08f2d19bfcc8,"{""referrer"": ""search"", ""dwell_sec"": 11}",2025-09-09 18:41:04.756240+00
c29d1326-7e4b-4fbd-a1db-0a130fdf8358,04c10be8-f8bb-47cf-a282-00bae07dfff6,1323fd17-1e4c-4b33-a1a9-6d1ef29bbb23,search_click,0039cda8444b4a5b9bab08f2d19bfcc8,"{""query"": ""travel casual formal"", ""rank"": 2, ""device"": ""mobile""}",2025-09-09 18:41:51.756240+00
9725e417-b5c5-4aea-8f4b-ab5b9ca80712,04c10be8-f8bb-47cf-a282-00bae07dfff6,1323fd17-1e4c-4b33-a1a9-6d1ef29bbb23,view,0039cda8444b4a5b9bab08f2d19bfcc8,"{""referrer"": ""search"", ""dwell_sec"": 11}",2025-09-09 18:42:01.756240+00
853b96f3-e236-4867-8b95-c908da208ff2,04c10be8-f8bb-47cf-a282-00bae07dfff6,8b635074-268f-466c-949e-aaaf0b143834,search_click,0039cda8444b4a5b9bab08f2d19bfcc8,"{""query"": ""travel casual formal"", ""rank"": 3, ""device"": ""desktop""}",2025-09-09 18:42:12.756240+00
72004db1-e506-4832-8953-7e2e937732e1,04c10be8-f8bb-47cf-a282-00bae07dfff6,8b635074-268f-466c-949e-aaaf0b143834,view,0039cda8444b4a5b9bab08f2d19bfcc8,"{""referrer"": ""search"", ""dwell_sec"": 65}",2025-09-09 18:42:25.756240+00
07e3d065-bf5c-45cf-9533-7abbf69b1292,04c10be8-f8bb-47cf-a282-00bae07dfff6,274fb507-6d75-46b0-87f5-8d873644c52c,search_click,0039cda8444b4a5b9bab08f2d19bfcc8,"{""query"": ""travel casual formal"", ""rank"": 4, ""device"": ""mobile""}",2025-09-09 18:42:36.756240+00
13b7176f-9452-47ed-9dc7-2c8186a045ab,04c10be8-f8bb-47cf-a282-00bae07dfff6,274fb507-6d75-46b0-87f5-8d873644c52c,view,0039cda8444b4a5b9bab08f2d19bfcc8,"{""referrer"": ""search"", ""dwell_sec"": 75}",2025-09-09 18:42:39.756240+00
7696722d-fabf-42e7-a2d4-55ad16f9ac22,04c10be8-f8bb-47cf-a282-00bae07dfff6,274fb507-6d75-46b0-87f5-8d873644c52c,add_to_cart,0039cda8444b4a5b9bab08f2d19bfcc8,"{""variant_id"": ""857ae682-b3b5-4ac0-a638-9024c5d69fb6"", ""quantity"": 1}",2025-09-09 18:42:54.756240+00
2cdf0848-b4e6-4a4d-8b0e-75172f8032bc,04c10be8-f8bb-47cf-a282-00bae07dfff6,274fb507-6d75-46b0-87f5-8d873644c52c,abandon_cart,0039cda8444b4a5b9bab08f2d19bfcc8,{},2025-09-09 18:43:02.756240+00
bc31f65f-168a-4548-8ed6-0afb73abde3b,04c10be8-f8bb-47cf-a282-00bae07dfff6,4f37e0ee-e916-47ea-affc-4d01665bb2db,search_click,8cab2016fdac43f592f685f5a8eefbe2,"{""query"": ""denim everyday formal"", ""rank"": 1, ""device"": ""mobile""}",2025-09-06 05:24:54.756240+00
1499e915-16a1-4574-a547-d716deae2c24,04c10be8-f8bb-47cf-a282-00bae07dfff6,4f37e0ee-e916-47ea-affc-4d01665bb2db,view,8cab2016fdac43f592f685f5a8eefbe2,"{""referrer"": ""search"", ""dwell_sec"": 25}",2025-09-06 05:25:07.756240+00
e27eb4b0-ac5d-456a-9371-f0b75c6e5da1,04c10be8-f8bb-47cf-a282-00bae07dfff6,45e64d53-de11-4614-8e1b-3b16aac95357,search_click,8cab2016fdac43f592f685f5a8eefbe2,"{""query"": ""denim everyday formal"", ""rank"": 2, ""device"": ""desktop""}",2025-09-06 05:25:58.756240+00
652bac05-e312-4d59-9d85-731f84e20395,04c10be8-f8bb-47cf-a282-00bae07dfff6,45e64d53-de11-4614-8e1b-3b16aac95357,view,8cab2016fdac43f592f685f5a8eefbe2,"{""referrer"": ""search"", ""dwell_sec"": 28}",2025-09-06 05:26:09.756240+00
ac9d64a2-1b7c-45a8-b086-44404553461d,04c10be8-f8bb-47cf-a282-00bae07dfff6,a72d121a-7487-438d-b961-cbbf19626135,search_click,8cab2016fdac43f592f685f5a8eefbe2,"{""query"": ""denim everyday formal"", ""rank"": 3, ""device"": ""desktop""}",2025-09-06 05:26:14.756240+00
49b95569-db6d-4fea-a19b-49a56f551400,04c10be8-f8bb-47cf-a282-00bae07dfff6,a72d121a-7487-438d-b961-cbbf19626135,view,8cab2016fdac43f592f685f5a8eefbe2,"{""referrer"": ""search"", ""dwell_sec"": 77}",2025-09-06 05:26:26.756240+00
50c99d36-8a83-4404-b8a4-a19aea4302b6,04c10be8-f8bb-47cf-a282-00bae07dfff6,1323fd17-1e4c-4b33-a1a9-6d1ef29bbb23,search_click,8cab2016fdac43f592f685f5a8eefbe2,"{""query"": ""denim everyday formal"", ""rank"": 4, ""device"": ""mobile""}",2025-09-06 05:27:14.756240+00
c997d751-3b1b-4692-aa77-a6570df75fa9,04c10be8-f8bb-47cf-a282-00bae07dfff6,1323fd17-1e4c-4b33-a1a9-6d1ef29bbb23,view,8cab2016fdac43f592f685f5a8eefbe2,"{""referrer"": ""search"", ""dwell_sec"": 83}",2025-09-06 05:27:22.756240+00
1daf7e23-247c-44dd-be4e-3c988a12121d,04c10be8-f8bb-47cf-a282-00bae07dfff6,a72d121a-7487-438d-b961-cbbf19626135,add_to_cart,8cab2016fdac43f592f685f5a8eefbe2,"{""variant_id"": ""09edce58-18d8-457d-8769-c9ef1763fbfd"", ""quantity"": 1}",2025-09-06 05:28:21.756240+00
f0588788-a8c5-4323-ae7c-0e03efd1e21a,04c10be8-f8bb-47cf-a282-00bae07dfff6,4f37e0ee-e916-47ea-affc-4d01665bb2db,add_to_cart,8cab2016fdac43f592f685f5a8eefbe2,"{""variant_id"": ""1f691839-9a4a-46ed-9d11-ec5bc365f1c1"", ""quantity"": 1}",2025-09-06 05:28:56.756240+00
08df35ac-91fd-4050-b168-39d86f5765db,04c10be8-f8bb-47cf-a282-00bae07dfff6,4f37e0ee-e916-47ea-affc-4d01665bb2db,checkout_start,8cab2016fdac43f592f685f5a8eefbe2,{},2025-09-06 05:29:16.756240+00
e2f01216-e88e-4065-a2cd-4e58491877ef,a8339700-9ee1-4341-921d-c9c6f28cb533,5adb709a-3442-4a19-88f1-9ad37b4012bd,search_click,adc2f0725dfa4720ac8dc45359943998,"{""query"": ""outerwear classic luxury"", ""rank"": 1, ""device"": ""desktop""}",2025-08-28 01:30:54.756240+00
ab42fd52-21fd-4ac4-b878-7a743ee00afc,a8339700-9ee1-4341-921d-c9c6f28cb533,5adb709a-3442-4a19-88f1-9ad37b4012bd,view,adc2f0725dfa4720ac8dc45359943998,"{""referrer"": ""search"", ""dwell_sec"": 14}",2025-08-28 01:31:08.756240+00
cf3e853c-d12d-4c5f-8f24-08ceee895e26,a8339700-9ee1-4341-921d-c9c6f28cb533,de2ff47e-217a-4f7d-be31-1b2a9926eda9,search_click,adc2f0725dfa4720ac8dc45359943998,"{""query"": ""outerwear classic luxury"", ""rank"": 2, ""device"": ""mobile""}",2025-08-28 01:31:49.756240+00
3ff7b7ce-81fe-4ce8-9d3c-7a5f0e9a7aa8,a8339700-9ee1-4341-921d-c9c6f28cb533,de2ff47e-217a-4f7d-be31-1b2a9926eda9,view,adc2f0725dfa4720ac8dc45359943998,"{""referrer"": ""search"", ""dwell_sec"": 75}",2025-08-28 01:31:53.756240+00
b5942afd-d034-4a06-a12e-0c93c4888b73,a8339700-9ee1-4341-921d-c9c6f28cb533,783a36aa-334d-4e88-88cf-65b04f6a0fc3,search_click,adc2f0725dfa4720ac8dc45359943998,"{""query"": ""outerwear classic luxury"", ""rank"": 3, ""device"": ""mobile""}",2025-08-28 01:32:30.756240+00
dad71e04-f60c-4622-98e1-e7ec5305d6cd,a8339700-9ee1-4341-921d-c9c6f28cb533,783a36aa-334d-4e88-88cf-65b04f6a0fc3,view,adc2f0725dfa4720ac8dc45359943998,"{""referrer"": ""search"", ""dwell_sec"": 26}",2025-08-28 01:32:37.756240+00
4d251576-3bef-4bad-9d74-6d7290f31c3a,a8339700-9ee1-4341-921d-c9c6f28cb533,6d056ecb-5e47-44bb-b9ef-d33e87f98d96,search_click,adc2f0725dfa4720ac8dc45359943998,"{""query"": ""outerwear classic luxury"", ""rank"": 4, ""device"": ""desktop""}",2025-08-28 01:33:02.756240+00
35161468-5370-48a1-9bc0-027c5369e494,a8339700-9ee1-4341-921d-c9c6f28cb533,6d056ecb-5e47-44bb-b9ef-d33e87f98d96,view,adc2f0725dfa4720ac8dc45359943998,"{""referrer"": ""search"", ""dwell_sec"": 31}",2025-08-28 01:33:08.756240+00
e3d1528e-321a-487c-99f1-f66eb8243ae1,a8339700-9ee1-4341-921d-c9c6f28cb533,5adb709a-3442-4a19-88f1-9ad37b4012bd,add_to_cart,adc2f0725dfa4720ac8dc45359943998,"{""variant_id"": ""a630f4f6-93c4-4ed2-a708-35a4ab1db1d9"", ""quantity"": 1}",2025-08-28 01:33:58.756240+00
4421119d-12ed-4a0c-94ee-7263e4893c7b,a8339700-9ee1-4341-921d-c9c6f28cb533,de2ff47e-217a-4f7d-be31-1b2a9926eda9,add_to_cart,adc2f0725dfa4720ac8dc45359943998,"{""variant_id"": ""40c12a54-1ec6-46b1-b668-829c1653e95c"", ""quantity"": 1}",2025-08-28 01:34:38.756240+00
1bb092ed-5329-4c07-8544-8fd148a729de,a8339700-9ee1-4341-921d-c9c6f28cb533,5adb709a-3442-4a19-88f1-9ad37b4012bd,checkout_start,adc2f0725dfa4720ac8dc45359943998,{},2025-08-28 01:34:59.756240+00
5f79fbda-1a8f-4a81-a3d3-94820d4ee7aa,a8339700-9ee1-4341-921d-c9c6f28cb533,979f809c-bc8f-4eec-89ce-de32b4175b32,search_click,2b261f3cbda24f9faf24a11d41dcef6c,"{""query"": ""Leather Biker Jacket sale luxury casual"", ""rank"": 1, ""device"": ""mobile""}",2025-09-18 07:06:54.756240+00
3e840032-2be3-484b-9f0b-d27a05a95fa3,a8339700-9ee1-4341-921d-c9c6f28cb533,979f809c-bc8f-4eec-89ce-de32b4175b32,view,2b261f3cbda24f9faf24a11d41dcef6c,"{""referrer"": ""search"", ""dwell_sec"": 7}",2025-09-18 07:06:57.756240+00
82afc547-5cfb-4899-8e59-ef24a2d10302,a8339700-9ee1-4341-921d-c9c6f28cb533,45e64d53-de11-4614-8e1b-3b16aac95357,search_click,2b261f3cbda24f9faf24a11d41dcef6c,"{""query"": ""Leather Biker Jacket sale luxury casual"", ""rank"": 2, ""device"": ""desktop""}",2025-09-18 07:07:21.756240+00
997b07df-9e71-4f0e-962f-943e146c305a,a8339700-9ee1-4341-921d-c9c6f28cb533,45e64d53-de11-4614-8e1b-3b16aac95357,view,2b261f3cbda24f9faf24a11d41dcef6c,"{""referrer"": ""search"", ""dwell_sec"": 73}",2025-09-18 07:07:37.756240+00
acf36454-23dd-4b5c-a941-b6381472c3c4,a8339700-9ee1-4341-921d-c9c6f28cb533,a72d121a-7487-438d-b961-cbbf19626135,search_click,2b261f3cbda24f9faf24a11d41dcef6c,"{""query"": ""Leather Biker Jacket sale luxury casual"", ""rank"": 3, ""device"": ""mobile""}",2025-09-18 07:08:06.756240+00
0f229757-97cc-4a52-b385-cbc706ebaed6,a8339700-9ee1-4341-921d-c9c6f28cb533,a72d121a-7487-438d-b961-cbbf19626135,view,2b261f3cbda24f9faf24a11d41dcef6c,"{""referrer"": ""search"", ""dwell_sec"": 63}",2025-09-18 07:08:16.756240+00
01fafa24-ff28-465c-b3b4-2bfbd38e8490,a8339700-9ee1-4341-921d-c9c6f28cb533,b6ce3169-694b-4c53-97e3-97364d3c6f4b,search_click,2b261f3cbda24f9faf24a11d41dcef6c,"{""query"": ""Leather Biker Jacket sale luxury casual"", ""rank"": 4, ""device"": ""mobile""}",2025-09-18 07:08:43.756240+00
1764cc75-213d-4965-8ef4-6ef01a767b21,a8339700-9ee1-4341-921d-c9c6f28cb533,b6ce3169-694b-4c53-97e3-97364d3c6f4b,view,2b261f3cbda24f9faf24a11d41dcef6c,"{""referrer"": ""search"", ""dwell_sec"": 29}",2025-09-18 07:08:54.756240+00
3587f577-ee13-434d-9453-9b1f896e1917,a8339700-9ee1-4341-921d-c9c6f28cb533,5adb709a-3442-4a19-88f1-9ad37b4012bd,search_click,2b261f3cbda24f9faf24a11d41dcef6c,"{""query"": ""Leather Biker Jacket sale luxury casual"", ""rank"": 5, ""device"": ""mobile""}",2025-09-18 07:09:45.756240+00
92265dd4-c845-4e1f-8bc9-7fd7933ab92e,a8339700-9ee1-4341-921d-c9c6f28cb533,5adb709a-3442-4a19-88f1-9ad37b4012bd,view,2b261f3cbda24f9faf24a11d41dcef6c,"{""referrer"": ""search"", ""dwell_sec"": 89}",2025-09-18 07:09:49.756240+00
b7036d8b-5d66-458c-9062-3a45ce90cbc8,a8339700-9ee1-4341-921d-c9c6f28cb533,45e64d53-de11-4614-8e1b-3b16aac95357,add_to_cart,2b261f3cbda24f9faf24a11d41dcef6c,"{""variant_id"": ""217876d9-7841-433c-a921-dcabf78eeb26"", ""quantity"": 1}",2025-09-18 07:10:20.756240+00
4f45b6f6-f5e3-4d12-a2f1-99bdb922b04c,a8339700-9ee1-4341-921d-c9c6f28cb533,de2ff47e-217a-4f7d-be31-1b2a9926eda9,search_click,46383d4a195c4d798563fcea0870b69b,"{""query"": ""Statement Hoop Earrings evening luxury workwear"", ""rank"": 1, ""device"": ""mobile""}",2025-08-17 03:55:54.756240+00
8de244bc-72f2-46dd-b60e-e273a54fcd4c,a8339700-9ee1-4341-921d-c9c6f28cb533,de2ff47e-217a-4f7d-be31-1b2a9926eda9,view,46383d4a195c4d798563fcea0870b69b,"{""referrer"": ""search"", ""dwell_sec"": 23}",2025-08-17 03:56:06.756240+00
224392c0-51eb-4219-8bf8-3c9b532a73a3,a8339700-9ee1-4341-921d-c9c6f28cb533,4b118e6e-16fe-4b89-b29c-17edd6303d62,search_click,46383d4a195c4d798563fcea0870b69b,"{""query"": ""Statement Hoop Earrings evening luxury workwear"", ""rank"": 2, ""device"": ""mobile""}",2025-08-17 03:56:53.756240+00
bb8a5033-1328-4120-8304-d73bbc30cc5e,a8339700-9ee1-4341-921d-c9c6f28cb533,4b118e6e-16fe-4b89-b29c-17edd6303d62,view,46383d4a195c4d798563fcea0870b69b,"{""referrer"": ""search"", ""dwell_sec"": 43}",2025-08-17 03:57:09.756240+00
bb636360-9a88-4e32-ad5b-f06fd16d60d1,a8339700-9ee1-4341-921d-c9c6f28cb533,de2ff47e-217a-4f7d-be31-1b2a9926eda9,wishlist_add,46383d4a195c4d798563fcea0870b69b,{},2025-08-17 03:57:31.756240+00
fbdfd92e-0815-427d-bc85-ce65e8445770,a8339700-9ee1-4341-921d-c9c6f28cb533,4b118e6e-16fe-4b89-b29c-17edd6303d62,search_click,4908675ed2ca4118bd3d161c31eafc0f,"{""query"": ""minimalist everyday luxury casual"", ""rank"": 1, ""device"": ""mobile""}",2025-08-29 16:20:54.756240+00
825146da-d519-42bc-b40d-22305a25ccd0,a8339700-9ee1-4341-921d-c9c6f28cb533,4b118e6e-16fe-4b89-b29c-17edd6303d62,view,4908675ed2ca4118bd3d161c31eafc0f,"{""referrer"": ""search"", ""dwell_sec"": 53}",2025-08-29 16:21:05.756240+00
5e574052-758f-4e57-8024-9f540c009add,a8339700-9ee1-4341-921d-c9c6f28cb533,80bf27c4-ceeb-45bb-b9d0-3696000167be,search_click,4908675ed2ca4118bd3d161c31eafc0f,"{""query"": ""minimalist everyday luxury casual"", ""rank"": 2, ""device"": ""mobile""}",2025-08-29 16:21:53.756240+00
e623bb76-6aa3-4932-b7f5-7756b720dbe5,a8339700-9ee1-4341-921d-c9c6f28cb533,80bf27c4-ceeb-45bb-b9d0-3696000167be,view,4908675ed2ca4118bd3d161c31eafc0f,"{""referrer"": ""search"", ""dwell_sec"": 29}",2025-08-29 16:21:58.756240+00
19b558ba-b571-405b-ae36-51486244246a,a8339700-9ee1-4341-921d-c9c6f28cb533,4b118e6e-16fe-4b89-b29c-17edd6303d62,search_click,4908675ed2ca4118bd3d161c31eafc0f,"{""query"": ""minimalist everyday luxury casual"", ""rank"": 3, ""device"": ""mobile""}",2025-08-29 16:22:54.756240+00
23c56849-5071-41b2-a400-7788df14d042,a8339700-9ee1-4341-921d-c9c6f28cb533,4b118e6e-16fe-4b89-b29c-17edd6303d62,view,4908675ed2ca4118bd3d161c31eafc0f,"{""referrer"": ""search"", ""dwell_sec"": 31}",2025-08-29 16:23:12.756240+00
6821ee45-3bfe-44b7-a1e7-1948c78dcfc3,d29d17f3-f574-4378-a099-3473cea55d61,5adb709a-3442-4a19-88f1-9ad37b4012bd,search_click,aad50996943748f7be7c723dfa7f0bc3,"{""query"": ""casual breathable winter everyday"", ""rank"": 1, ""device"": ""desktop""}",2025-09-11 11:29:54.756240+00
96de1b9c-8144-43d5-8923-c95709f3b8d3,d29d17f3-f574-4378-a099-3473cea55d61,5adb709a-3442-4a19-88f1-9ad37b4012bd,view,aad50996943748f7be7c723dfa7f0bc3,"{""referrer"": ""search"", ""dwell_sec"": 68}",2025-09-11 11:30:04.756240+00
1e9baad9-5c43-46a6-b101-f54017a4c7d9,d29d17f3-f574-4378-a099-3473cea55d61,1d19f678-f760-4786-9b01-1fb8917f0220,search_click,aad50996943748f7be7c723dfa7f0bc3,"{""query"": ""casual breathable winter everyday"", ""rank"": 2, ""device"": ""desktop""}",2025-09-11 11:30:44.756240+00
a5dd53f9-1d8a-4761-8e81-302306e81200,d29d17f3-f574-4378-a099-3473cea55d61,1d19f678-f760-4786-9b01-1fb8917f0220,view,aad50996943748f7be7c723dfa7f0bc3,"{""referrer"": ""search"", ""dwell_sec"": 67}",2025-09-11 11:30:55.756240+00
910296c5-c21f-4e22-b781-251735cbae38,d29d17f3-f574-4378-a099-3473cea55d61,60a51ad1-ba52-43e5-9218-54e27ca857e0,search_click,aad50996943748f7be7c723dfa7f0bc3,"{""query"": ""casual breathable winter everyday"", ""rank"": 3, ""device"": ""desktop""}",2025-09-11 11:31:46.756240+00
339cae6a-2dfe-491a-a7af-367eb755d572,d29d17f3-f574-4378-a099-3473cea55d61,60a51ad1-ba52-43e5-9218-54e27ca857e0,view,aad50996943748f7be7c723dfa7f0bc3,"{""referrer"": ""search"", ""dwell_sec"": 26}",2025-09-11 11:32:03.756240+00
ceda3dbe-9bb6-449f-acd5-088b8b56fa0b,d29d17f3-f574-4378-a099-3473cea55d61,de2ff47e-217a-4f7d-be31-1b2a9926eda9,search_click,aad50996943748f7be7c723dfa7f0bc3,"{""query"": ""casual breathable winter everyday"", ""rank"": 4, ""device"": ""desktop""}",2025-09-11 11:32:54.756240+00
fa2c766d-5cfe-4a48-b98a-24717b4fd1c7,d29d17f3-f574-4378-a099-3473cea55d61,de2ff47e-217a-4f7d-be31-1b2a9926eda9,view,aad50996943748f7be7c723dfa7f0bc3,"{""referrer"": ""search"", ""dwell_sec"": 22}",2025-09-11 11:33:02.756240+00
4cb8c9e0-1aa2-4a44-b9cb-52c5f3b27d19,d29d17f3-f574-4378-a099-3473cea55d61,b0de0f60-82c8-4e43-a209-4528f01d0b4a,search_click,b5d2c56e2b5d41d39c3debe5dea9ce95,"{""query"": ""Silk Necktie office winter"", ""rank"": 1, ""device"": ""mobile""}",2025-10-06 08:07:54.756240+00
bf3b9d59-7d08-4c11-aa02-84b287023f39,d29d17f3-f574-4378-a099-3473cea55d61,b0de0f60-82c8-4e43-a209-4528f01d0b4a,view,b5d2c56e2b5d41d39c3debe5dea9ce95,"{""referrer"": ""search"", ""dwell_sec"": 72}",2025-10-06 08:07:57.756240+00
f0fd10bc-9b01-4687-9bef-f3384381fc6d,d29d17f3-f574-4378-a099-3473cea55d61,274fb507-6d75-46b0-87f5-8d873644c52c,search_click,b5d2c56e2b5d41d39c3debe5dea9ce95,"{""query"": ""Silk Necktie office winter"", ""rank"": 2, ""device"": ""desktop""}",2025-10-06 08:08:48.756240+00
2ae4c685-1be9-4021-bfa3-b81fd3ca94c9,d29d17f3-f574-4378-a099-3473cea55d61,274fb507-6d75-46b0-87f5-8d873644c52c,view,b5d2c56e2b5d41d39c3debe5dea9ce95,"{""referrer"": ""search"", ""dwell_sec"": 7}",2025-10-06 08:09:00.756240+00
072e6996-4092-419a-ab52-273aaf3ebe22,d29d17f3-f574-4378-a099-3473cea55d61,783a36aa-334d-4e88-88cf-65b04f6a0fc3,search_click,b5d2c56e2b5d41d39c3debe5dea9ce95,"{""query"": ""Silk Necktie office winter"", ""rank"": 3, ""device"": ""desktop""}",2025-10-06 08:09:37.756240+00
077298d0-b5cb-4427-bf26-9d26335dbcd9,d29d17f3-f574-4378-a099-3473cea55d61,783a36aa-334d-4e88-88cf-65b04f6a0fc3,view,b5d2c56e2b5d41d39c3debe5dea9ce95,"{""referrer"": ""search"", ""dwell_sec"": 18}",2025-10-06 08:09:45.756240+00
b14eabf0-5410-4d72-9132-80f5e5dbd1bd,d29d17f3-f574-4378-a099-3473cea55d61,783a36aa-334d-4e88-88cf-65b04f6a0fc3,add_to_cart,b5d2c56e2b5d41d39c3debe5dea9ce95,"{""variant_id"": ""6d67651d-e9b1-48da-aa97-a4dae1a4da1b"", ""quantity"": 1}",2025-10-06 08:09:56.756240+00
39730e64-b33e-4120-9e2c-cec09a972ccd,d29d17f3-f574-4378-a099-3473cea55d61,783a36aa-334d-4e88-88cf-65b04f6a0fc3,checkout_start,b5d2c56e2b5d41d39c3debe5dea9ce95,{},2025-10-06 08:10:15.756240+00
742769ae-764a-41a1-b558-f0ec568871cd,d29d17f3-f574-4378-a099-3473cea55d61,de2ff47e-217a-4f7d-be31-1b2a9926eda9,search_click,ecba33e2bd8b4765afaaac6027653672,"{""query"": ""Cashmere Scarf sale luxury"", ""rank"": 1, ""device"": ""mobile""}",2025-09-16 16:35:54.756240+00
0d3f064c-ecdb-4d63-826b-19cb19e96e59,d29d17f3-f574-4378-a099-3473cea55d61,de2ff47e-217a-4f7d-be31-1b2a9926eda9,view,ecba33e2bd8b4765afaaac6027653672,"{""referrer"": ""search"", ""dwell_sec"": 80}",2025-09-16 16:36:03.756240+00
51e30de8-b3bd-4c73-b553-6e0b5f082276,d29d17f3-f574-4378-a099-3473cea55d61,979f809c-bc8f-4eec-89ce-de32b4175b32,search_click,ecba33e2bd8b4765afaaac6027653672,"{""query"": ""Cashmere Scarf sale luxury"", ""rank"": 2, ""device"": ""desktop""}",2025-09-16 16:36:17.756240+00
507c80f8-d03e-40ab-9ed8-4ea4d68d2cf0,d29d17f3-f574-4378-a099-3473cea55d61,979f809c-bc8f-4eec-89ce-de32b4175b32,view,ecba33e2bd8b4765afaaac6027653672,"{""referrer"": ""search"", ""dwell_sec"": 43}",2025-09-16 16:36:22.756240+00
518d5e47-7267-45ce-b30c-75778d0a37c0,d29d17f3-f574-4378-a099-3473cea55d61,de2ff47e-217a-4f7d-be31-1b2a9926eda9,search_click,ecba33e2bd8b4765afaaac6027653672,"{""query"": ""Cashmere Scarf sale luxury"", ""rank"": 3, ""device"": ""mobile""}",2025-09-16 16:36:37.756240+00
8d86b1dc-2c94-4c7b-b0b9-cce0216d5f62,d29d17f3-f574-4378-a099-3473cea55d61,de2ff47e-217a-4f7d-be31-1b2a9926eda9,view,ecba33e2bd8b4765afaaac6027653672,"{""referrer"": ""search"", ""dwell_sec"": 74}",2025-09-16 16:36:52.756240+00
a8e90eca-3446-4e58-95fd-99296952c09f,d29d17f3-f574-4378-a099-3473cea55d61,b0de0f60-82c8-4e43-a209-4528f01d0b4a,search_click,ecba33e2bd8b4765afaaac6027653672,"{""query"": ""Cashmere Scarf sale luxury"", ""rank"": 4, ""device"": ""desktop""}",2025-09-16 16:37:18.756240+00
a59e059d-dcc2-4726-a393-9541f7be8a3e,d29d17f3-f574-4378-a099-3473cea55d61,b0de0f60-82c8-4e43-a209-4528f01d0b4a,view,ecba33e2bd8b4765afaaac6027653672,"{""referrer"": ""search"", ""dwell_sec"": 15}",2025-09-16 16:37:25.756240+00
553c07ae-e0d4-4a23-aac8-d3da7d53970a,d29d17f3-f574-4378-a099-3473cea55d61,5adb709a-3442-4a19-88f1-9ad37b4012bd,search_click,ecba33e2bd8b4765afaaac6027653672,"{""query"": ""Cashmere Scarf sale luxury"", ""rank"": 5, ""device"": ""desktop""}",2025-09-16 16:38:02.756240+00
50a51dfc-9213-4887-953e-abbd7b70dbe2,d29d17f3-f574-4378-a099-3473cea55d61,5adb709a-3442-4a19-88f1-9ad37b4012bd,view,ecba33e2bd8b4765afaaac6027653672,"{""referrer"": ""search"", ""dwell_sec"": 17}",2025-09-16 16:38:06.756240+00
0ecc10ba-8d52-48d3-b94a-087df4b8fc31,d29d17f3-f574-4378-a099-3473cea55d61,de2ff47e-217a-4f7d-be31-1b2a9926eda9,wishlist_add,ecba33e2bd8b4765afaaac6027653672,{},2025-09-16 16:38:38.756240+00
3e323b50-bcf6-4419-9027-ef6af850c69f,d29d17f3-f574-4378-a099-3473cea55d61,de2ff47e-217a-4f7d-be31-1b2a9926eda9,add_to_cart,ecba33e2bd8b4765afaaac6027653672,"{""variant_id"": ""40c12a54-1ec6-46b1-b668-829c1653e95c"", ""quantity"": 1}",2025-09-16 16:39:04.756240+00
b9913a4c-69fb-4fd6-b69e-21e693ae6358,d29d17f3-f574-4378-a099-3473cea55d61,de2ff47e-217a-4f7d-be31-1b2a9926eda9,abandon_cart,ecba33e2bd8b4765afaaac6027653672,{},2025-09-16 16:39:44.756240+00
49e92817-5e29-460b-a4dc-7173f02e69fd,d29d17f3-f574-4378-a099-3473cea55d61,60a51ad1-ba52-43e5-9218-54e27ca857e0,search_click,b1202c4c308b42508eda1c131df90ad3,"{""query"": ""eco-friendly Organic Cotton Tee Pack everyday"", ""rank"": 1, ""device"": ""mobile""}",2025-10-05 09:52:54.756240+00
23519a70-efc9-480f-aae2-29886bc4299e,d29d17f3-f574-4378-a099-3473cea55d61,60a51ad1-ba52-43e5-9218-54e27ca857e0,view,b1202c4c308b42508eda1c131df90ad3,"{""referrer"": ""search"", ""dwell_sec"": 62}",2025-10-05 09:53:10.756240+00
0d413263-14d9-4bc9-8873-cd90932ff134,d29d17f3-f574-4378-a099-3473cea55d61,45e64d53-de11-4614-8e1b-3b16aac95357,search_click,b1202c4c308b42508eda1c131df90ad3,"{""query"": ""eco-friendly Organic Cotton Tee Pack everyday"", ""rank"": 2, ""device"": ""desktop""}",2025-10-05 09:53:50.756240+00
fe84214e-2c68-4ea4-ae3a-39dc4697189d,d29d17f3-f574-4378-a099-3473cea55d61,45e64d53-de11-4614-8e1b-3b16aac95357,view,b1202c4c308b42508eda1c131df90ad3,"{""referrer"": ""search"", ""dwell_sec"": 8}",2025-10-05 09:53:56.756240+00
6314f2f9-efd7-48ee-8a67-d7ee7fefbbfd,d29d17f3-f574-4378-a099-3473cea55d61,60a51ad1-ba52-43e5-9218-54e27ca857e0,search_click,b1202c4c308b42508eda1c131df90ad3,"{""query"": ""eco-friendly Organic Cotton Tee Pack everyday"", ""rank"": 3, ""device"": ""desktop""}",2025-10-05 09:54:06.756240+00
af25e780-1cdd-43ac-8050-e6880ce9d558,d29d17f3-f574-4378-a099-3473cea55d61,60a51ad1-ba52-43e5-9218-54e27ca857e0,view,b1202c4c308b42508eda1c131df90ad3,"{""referrer"": ""search"", ""dwell_sec"": 81}",2025-10-05 09:54:11.756240+00
49af55f7-aad8-470d-a017-a011b4396c35,d29d17f3-f574-4378-a099-3473cea55d61,60a51ad1-ba52-43e5-9218-54e27ca857e0,search_click,b1202c4c308b42508eda1c131df90ad3,"{""query"": ""eco-friendly Organic Cotton Tee Pack everyday"", ""rank"": 4, ""device"": ""desktop""}",2025-10-05 09:54:54.756240+00
8c549520-b83a-40b7-a475-c3538fa93e55,d29d17f3-f574-4378-a099-3473cea55d61,60a51ad1-ba52-43e5-9218-54e27ca857e0,view,b1202c4c308b42508eda1c131df90ad3,"{""referrer"": ""search"", ""dwell_sec"": 6}",2025-10-05 09:55:09.756240+00
fba255f0-8970-4f0b-a93f-6fcfab1f7f9a,d29d17f3-f574-4378-a099-3473cea55d61,45e64d53-de11-4614-8e1b-3b16aac95357,add_to_cart,b1202c4c308b42508eda1c131df90ad3,"{""variant_id"": ""28cc1e7c-af66-42b5-a860-2edf48220089"", ""quantity"": 1}",2025-10-05 09:55:32.756240+00
be4258c7-54cc-4a8b-bf33-471d17b76239,d29d17f3-f574-4378-a099-3473cea55d61,45e64d53-de11-4614-8e1b-3b16aac95357,abandon_cart,b1202c4c308b42508eda1c131df90ad3,{},2025-10-05 09:55:54.756240+00
26547666-c60a-421a-a8e4-5ca09f976e9c,d29d17f3-f574-4378-a099-3473cea55d61,8b635074-268f-466c-949e-aaaf0b143834,search_click,0ba67be4a7b741c69fcaa2d9f5c422ae,"{""query"": ""luxury minimalist everyday"", ""rank"": 1, ""device"": ""desktop""}",2025-09-30 15:53:54.756240+00
781671d2-7908-4d45-b388-20d23225343c,d29d17f3-f574-4378-a099-3473cea55d61,8b635074-268f-466c-949e-aaaf0b143834,view,0ba67be4a7b741c69fcaa2d9f5c422ae,"{""referrer"": ""search"", ""dwell_sec"": 82}",2025-09-30 15:54:07.756240+00
5fd757ae-8893-4402-8bd8-ee7e7c64cfc0,d29d17f3-f574-4378-a099-3473cea55d61,a72d121a-7487-438d-b961-cbbf19626135,search_click,0ba67be4a7b741c69fcaa2d9f5c422ae,"{""query"": ""luxury minimalist everyday"", ""rank"": 2, ""device"": ""mobile""}",2025-09-30 15:54:56.756240+00
78516675-1f76-4d51-8303-aea786c0de08,d29d17f3-f574-4378-a099-3473cea55d61,a72d121a-7487-438d-b961-cbbf19626135,view,0ba67be4a7b741c69fcaa2d9f5c422ae,"{""referrer"": ""search"", ""dwell_sec"": 45}",2025-09-30 15:55:14.756240+00
f9194b98-b3cd-4397-97bb-49d894adac8b,d29d17f3-f574-4378-a099-3473cea55d61,a72d121a-7487-438d-b961-cbbf19626135,add_to_cart,0ba67be4a7b741c69fcaa2d9f5c422ae,"{""variant_id"": ""54b37feb-9b6b-4212-82d3-1ca965f2cd63"", ""quantity"": 2}",2025-09-30 15:55:30.756240+00
dce53e49-e6b2-4f9c-909c-081ea0c62e9b,d29d17f3-f574-4378-a099-3473cea55d61,8b635074-268f-466c-949e-aaaf0b143834,add_to_cart,0ba67be4a7b741c69fcaa2d9f5c422ae,"{""variant_id"": ""c8f43a90-d1ef-4023-92f2-bc92c4838526"", ""quantity"": 1}",2025-09-30 15:55:58.756240+00
96d5e48c-45c7-4874-a27a-eb2f583c40e8,57af11c4-19c6-4fdb-983e-62bce0c1746d,d9fd706a-05fe-4cbf-aa17-ef87fba1bb1b,search_click,5382c6b6bbbe427aa807afbe1c1fbe67,"{""query"": ""gift wool sustainable formal"", ""rank"": 1, ""device"": ""mobile""}",2025-08-31 19:55:54.756240+00
0b77ae55-2bc7-4692-8963-ce01cd141698,57af11c4-19c6-4fdb-983e-62bce0c1746d,d9fd706a-05fe-4cbf-aa17-ef87fba1bb1b,view,5382c6b6bbbe427aa807afbe1c1fbe67,"{""referrer"": ""search"", ""dwell_sec"": 77}",2025-08-31 19:55:58.756240+00
225e36bf-d4ba-4383-abc3-b2656344c80a,57af11c4-19c6-4fdb-983e-62bce0c1746d,7a199e8b-b8e1-46d2-beb8-99ba92f52dcd,search_click,5382c6b6bbbe427aa807afbe1c1fbe67,"{""query"": ""gift wool sustainable formal"", ""rank"": 2, ""device"": ""desktop""}",2025-08-31 19:56:44.756240+00
ff4b0530-dcad-414b-8b5a-6f2f4a5bad96,57af11c4-19c6-4fdb-983e-62bce0c1746d,7a199e8b-b8e1-46d2-beb8-99ba92f52dcd,view,5382c6b6bbbe427aa807afbe1c1fbe67,"{""referrer"": ""search"", ""dwell_sec"": 60}",2025-08-31 19:56:57.756240+00
b3ae2dee-0fdc-4696-8bb9-80592b118a43,57af11c4-19c6-4fdb-983e-62bce0c1746d,60a51ad1-ba52-43e5-9218-54e27ca857e0,search_click,5382c6b6bbbe427aa807afbe1c1fbe67,"{""query"": ""gift wool sustainable formal"", ""rank"": 3, ""device"": ""mobile""}",2025-08-31 19:57:08.756240+00
79a999a2-dd49-44e5-8931-5bb5b6c8d3a2,57af11c4-19c6-4fdb-983e-62bce0c1746d,60a51ad1-ba52-43e5-9218-54e27ca857e0,view,5382c6b6bbbe427aa807afbe1c1fbe67,"{""referrer"": ""search"", ""dwell_sec"": 38}",2025-08-31 19:57:14.756240+00
10c1a4e7-8d2e-48a6-865d-0d7c7fd1059d,57af11c4-19c6-4fdb-983e-62bce0c1746d,783a36aa-334d-4e88-88cf-65b04f6a0fc3,search_click,5382c6b6bbbe427aa807afbe1c1fbe67,"{""query"": ""gift wool sustainable formal"", ""rank"": 4, ""device"": ""mobile""}",2025-08-31 19:57:33.756240+00
cf1b1e86-86b4-4da3-a366-ffc34f024742,57af11c4-19c6-4fdb-983e-62bce0c1746d,783a36aa-334d-4e88-88cf-65b04f6a0fc3,view,5382c6b6bbbe427aa807afbe1c1fbe67,"{""referrer"": ""search"", ""dwell_sec"": 52}",2025-08-31 19:57:50.756240+00
d6ea234d-00a7-4d9a-b106-e2ba2db61c5d,57af11c4-19c6-4fdb-983e-62bce0c1746d,a72d121a-7487-438d-b961-cbbf19626135,search_click,5382c6b6bbbe427aa807afbe1c1fbe67,"{""query"": ""gift wool sustainable formal"", ""rank"": 5, ""device"": ""desktop""}",2025-08-31 19:58:20.756240+00
8294325c-b8d0-471b-887f-b59852ded828,57af11c4-19c6-4fdb-983e-62bce0c1746d,a72d121a-7487-438d-b961-cbbf19626135,view,5382c6b6bbbe427aa807afbe1c1fbe67,"{""referrer"": ""search"", ""dwell_sec"": 49}",2025-08-31 19:58:27.756240+00
0949d785-e7ef-410c-9f10-41e25c7bb4be,57af11c4-19c6-4fdb-983e-62bce0c1746d,de2ff47e-217a-4f7d-be31-1b2a9926eda9,search_click,5382c6b6bbbe427aa807afbe1c1fbe67,"{""query"": ""gift wool sustainable formal"", ""rank"": 6, ""device"": ""desktop""}",2025-08-31 19:58:33.756240+00
199eedfd-b7e5-42b9-9d5c-f4dac44b1961,57af11c4-19c6-4fdb-983e-62bce0c1746d,de2ff47e-217a-4f7d-be31-1b2a9926eda9,view,5382c6b6bbbe427aa807afbe1c1fbe67,"{""referrer"": ""search"", ""dwell_sec"": 42}",2025-08-31 19:58:39.756240+00
f8505031-746c-45bd-ae80-6333b1ce3886,57af11c4-19c6-4fdb-983e-62bce0c1746d,60a51ad1-ba52-43e5-9218-54e27ca857e0,add_to_cart,5382c6b6bbbe427aa807afbe1c1fbe67,"{""variant_id"": ""c3515938-ff12-40d4-8352-daea474192c9"", ""quantity"": 1}",2025-08-31 19:59:10.756240+00
f9a8e71d-367c-4742-b599-32c3b606e0d5,57af11c4-19c6-4fdb-983e-62bce0c1746d,60a51ad1-ba52-43e5-9218-54e27ca857e0,checkout_start,5382c6b6bbbe427aa807afbe1c1fbe67,{},2025-08-31 19:59:45.756240+00
4a6bbdc7-3966-40c8-a4f4-6b57124d435b,57af11c4-19c6-4fdb-983e-62bce0c1746d,4b118e6e-16fe-4b89-b29c-17edd6303d62,search_click,f2ad068d85d94f30a2d5b1b1cabaef2a,"{""query"": ""polarized Polarized Sunglasses formal"", ""rank"": 1, ""device"": ""desktop""}",2025-08-27 14:50:54.756240+00
2cca738d-4c16-4d52-8c67-c4f5e159895a,57af11c4-19c6-4fdb-983e-62bce0c1746d,4b118e6e-16fe-4b89-b29c-17edd6303d62,view,f2ad068d85d94f30a2d5b1b1cabaef2a,"{""referrer"": ""search"", ""dwell_sec"": 83}",2025-08-27 14:50:57.756240+00
6efd82b0-0fc5-4e5d-b6c2-4c5fed1f5588,57af11c4-19c6-4fdb-983e-62bce0c1746d,de2ff47e-217a-4f7d-be31-1b2a9926eda9,search_click,f2ad068d85d94f30a2d5b1b1cabaef2a,"{""query"": ""polarized Polarized Sunglasses formal"", ""rank"": 2, ""device"": ""desktop""}",2025-08-27 14:51:14.756240+00
eb7bab15-57f1-4825-960b-6bdf1ef54209,57af11c4-19c6-4fdb-983e-62bce0c1746d,de2ff47e-217a-4f7d-be31-1b2a9926eda9,view,f2ad068d85d94f30a2d5b1b1cabaef2a,"{""referrer"": ""search"", ""dwell_sec"": 54}",2025-08-27 14:51:30.756240+00
cb1e42c4-ad9c-40f2-8203-2051fab18eca,57af11c4-19c6-4fdb-983e-62bce0c1746d,45e64d53-de11-4614-8e1b-3b16aac95357,search_click,f2ad068d85d94f30a2d5b1b1cabaef2a,"{""query"": ""polarized Polarized Sunglasses formal"", ""rank"": 3, ""device"": ""mobile""}",2025-08-27 14:51:35.756240+00
9333a783-c6b6-4dac-9fce-789695d5f729,57af11c4-19c6-4fdb-983e-62bce0c1746d,45e64d53-de11-4614-8e1b-3b16aac95357,view,f2ad068d85d94f30a2d5b1b1cabaef2a,"{""referrer"": ""search"", ""dwell_sec"": 40}",2025-08-27 14:51:44.756240+00
df57ee29-d285-42ee-8595-59044c597ca1,57af11c4-19c6-4fdb-983e-62bce0c1746d,4f37e0ee-e916-47ea-affc-4d01665bb2db,search_click,f2ad068d85d94f30a2d5b1b1cabaef2a,"{""query"": ""polarized Polarized Sunglasses formal"", ""rank"": 4, ""device"": ""mobile""}",2025-08-27 14:52:37.756240+00
6157dcbc-179b-446f-85e2-dd01c02f206d,57af11c4-19c6-4fdb-983e-62bce0c1746d,4f37e0ee-e916-47ea-affc-4d01665bb2db,view,f2ad068d85d94f30a2d5b1b1cabaef2a,"{""referrer"": ""search"", ""dwell_sec"": 73}",2025-08-27 14:52:43.756240+00
16c9a0a5-ecbb-4a50-8e53-3778e93bbb30,57af11c4-19c6-4fdb-983e-62bce0c1746d,a31954ad-5c6c-4a28-9cb0-2c6c3dfe99cd,search_click,f2ad068d85d94f30a2d5b1b1cabaef2a,"{""query"": ""polarized Polarized Sunglasses formal"", ""rank"": 5, ""device"": ""desktop""}",2025-08-27 14:52:59.756240+00
3251d6bf-e56e-4f28-9de5-bf7585d66098,57af11c4-19c6-4fdb-983e-62bce0c1746d,a31954ad-5c6c-4a28-9cb0-2c6c3dfe99cd,view,f2ad068d85d94f30a2d5b1b1cabaef2a,"{""referrer"": ""search"", ""dwell_sec"": 30}",2025-08-27 14:53:12.756240+00
72115aa6-b1e8-4393-acb0-bc960473f17f,57af11c4-19c6-4fdb-983e-62bce0c1746d,4f37e0ee-e916-47ea-affc-4d01665bb2db,wishlist_add,f2ad068d85d94f30a2d5b1b1cabaef2a,{},2025-08-27 14:53:46.756240+00
68d45312-c92e-49b6-bf70-cef948785696,57af11c4-19c6-4fdb-983e-62bce0c1746d,a31954ad-5c6c-4a28-9cb0-2c6c3dfe99cd,add_to_cart,f2ad068d85d94f30a2d5b1b1cabaef2a,"{""variant_id"": ""2b6ff90a-7c59-484b-9a3f-732bf1043313"", ""quantity"": 1}",2025-08-27 14:54:24.756240+00
6fccbab3-485e-4ed1-b3e1-0844f4e4a6ac,57af11c4-19c6-4fdb-983e-62bce0c1746d,4f37e0ee-e916-47ea-affc-4d01665bb2db,add_to_cart,f2ad068d85d94f30a2d5b1b1cabaef2a,"{""variant_id"": ""20cda505-cc52-4093-a493-055054d415f3"", ""quantity"": 2}",2025-08-27 14:54:58.756240+00
e4b926eb-047b-43f4-a2bc-ced7693e6a01,57af11c4-19c6-4fdb-983e-62bce0c1746d,4b118e6e-16fe-4b89-b29c-17edd6303d62,search_click,e6a44d1f29694716b86ab424898e0d5e,"{""query"": ""Tailored Wool Coat wool formal sustainable"", ""rank"": 1, ""device"": ""desktop""}",2025-09-21 01:55:54.756240+00
3a9f99d2-b98e-4108-9df5-d28b82d24eca,57af11c4-19c6-4fdb-983e-62bce0c1746d,4b118e6e-16fe-4b89-b29c-17edd6303d62,view,e6a44d1f29694716b86ab424898e0d5e,"{""referrer"": ""search"", ""dwell_sec"": 57}",2025-09-21 01:56:12.756240+00
44110f04-4381-460c-b08e-ae5b9810f80b,57af11c4-19c6-4fdb-983e-62bce0c1746d,d9fd706a-05fe-4cbf-aa17-ef87fba1bb1b,search_click,e6a44d1f29694716b86ab424898e0d5e,"{""query"": ""Tailored Wool Coat wool formal sustainable"", ""rank"": 2, ""device"": ""desktop""}",2025-09-21 01:57:00.756240+00
19afafd7-a160-41e6-8525-98f6a310c111,57af11c4-19c6-4fdb-983e-62bce0c1746d,d9fd706a-05fe-4cbf-aa17-ef87fba1bb1b,view,e6a44d1f29694716b86ab424898e0d5e,"{""referrer"": ""search"", ""dwell_sec"": 61}",2025-09-21 01:57:16.756240+00
14d07492-d0a5-4a3a-9e33-51cfabdf666b,57af11c4-19c6-4fdb-983e-62bce0c1746d,80bf27c4-ceeb-45bb-b9d0-3696000167be,search_click,e6a44d1f29694716b86ab424898e0d5e,"{""query"": ""Tailored Wool Coat wool formal sustainable"", ""rank"": 3, ""device"": ""mobile""}",2025-09-21 01:57:52.756240+00
61ae1100-c88a-4ba3-9290-e85e216c5eef,57af11c4-19c6-4fdb-983e-62bce0c1746d,80bf27c4-ceeb-45bb-b9d0-3696000167be,view,e6a44d1f29694716b86ab424898e0d5e,"{""referrer"": ""search"", ""dwell_sec"": 77}",2025-09-21 01:57:57.756240+00
5dbf3ca8-7bf2-4d0b-9dfc-b62919260787,57af11c4-19c6-4fdb-983e-62bce0c1746d,6d056ecb-5e47-44bb-b9ef-d33e87f98d96,search_click,e6a44d1f29694716b86ab424898e0d5e,"{""query"": ""Tailored Wool Coat wool formal sustainable"", ""rank"": 4, ""device"": ""mobile""}",2025-09-21 01:58:03.756240+00
d51c513d-51f6-4d74-84c4-1e358d1e87a8,57af11c4-19c6-4fdb-983e-62bce0c1746d,6d056ecb-5e47-44bb-b9ef-d33e87f98d96,view,e6a44d1f29694716b86ab424898e0d5e,"{""referrer"": ""search"", ""dwell_sec"": 9}",2025-09-21 01:58:15.756240+00
39adc69e-edbc-48b8-ae27-95f60ba41443,57af11c4-19c6-4fdb-983e-62bce0c1746d,8b635074-268f-466c-949e-aaaf0b143834,search_click,e6a44d1f29694716b86ab424898e0d5e,"{""query"": ""Tailored Wool Coat wool formal sustainable"", ""rank"": 5, ""device"": ""mobile""}",2025-09-21 01:58:37.756240+00
17750170-dfcc-46dc-8884-95f7916f881c,57af11c4-19c6-4fdb-983e-62bce0c1746d,8b635074-268f-466c-949e-aaaf0b143834,view,e6a44d1f29694716b86ab424898e0d5e,"{""referrer"": ""search"", ""dwell_sec"": 26}",2025-09-21 01:58:49.756240+00
b3a3832f-2eff-49c7-b4a4-3b9eeffcc347,57af11c4-19c6-4fdb-983e-62bce0c1746d,6d056ecb-5e47-44bb-b9ef-d33e87f98d96,search_click,e6a44d1f29694716b86ab424898e0d5e,"{""query"": ""Tailored Wool Coat wool formal sustainable"", ""rank"": 6, ""device"": ""desktop""}",2025-09-21 01:59:43.756240+00
d3a7d8c5-6b21-467c-b88e-bfa5f6396af5,57af11c4-19c6-4fdb-983e-62bce0c1746d,6d056ecb-5e47-44bb-b9ef-d33e87f98d96,view,e6a44d1f29694716b86ab424898e0d5e,"{""referrer"": ""search"", ""dwell_sec"": 75}",2025-09-21 02:00:01.756240+00
d5a036d8-7fee-4449-9e6e-386d864b23a0,57af11c4-19c6-4fdb-983e-62bce0c1746d,4b118e6e-16fe-4b89-b29c-17edd6303d62,wishlist_add,e6a44d1f29694716b86ab424898e0d5e,{},2025-09-21 02:00:38.756240+00
f7c519ca-50ba-49f7-bd4c-2b62bc2ea735,57af11c4-19c6-4fdb-983e-62bce0c1746d,4b118e6e-16fe-4b89-b29c-17edd6303d62,add_to_cart,e6a44d1f29694716b86ab424898e0d5e,"{""variant_id"": ""38939684-116f-405d-b9f3-150235dd0e0e"", ""quantity"": 2}",2025-09-21 02:01:00.756240+00
778eae81-a509-4008-9897-1de30d3ce8a0,57af11c4-19c6-4fdb-983e-62bce0c1746d,4b118e6e-16fe-4b89-b29c-17edd6303d62,abandon_cart,e6a44d1f29694716b86ab424898e0d5e,{},2025-09-21 02:01:20.756240+00
8884aaf9-2c0b-45bd-ac88-98b791d4cbda,2d1b3bdf-8ad5-4555-bcaa-6971242e3b03,80bf27c4-ceeb-45bb-b9d0-3696000167be,search_click,ff092989b96b450988ad63d34a7be76a,"{""query"": ""work leather formal"", ""rank"": 1, ""device"": ""mobile""}",2025-08-16 06:31:54.756240+00
9b637fa1-eb23-4647-ab16-b0f4e6b9c14e,2d1b3bdf-8ad5-4555-bcaa-6971242e3b03,80bf27c4-ceeb-45bb-b9d0-3696000167be,view,ff092989b96b450988ad63d34a7be76a,"{""referrer"": ""search"", ""dwell_sec"": 12}",2025-08-16 06:32:10.756240+00
9ac25651-f039-46b3-bad3-eec40d1d11e7,2d1b3bdf-8ad5-4555-bcaa-6971242e3b03,80bf27c4-ceeb-45bb-b9d0-3696000167be,search_click,ff092989b96b450988ad63d34a7be76a,"{""query"": ""work leather formal"", ""rank"": 2, ""device"": ""mobile""}",2025-08-16 06:32:32.756240+00
340fab42-d03a-4467-98c8-44e243b3450b,2d1b3bdf-8ad5-4555-bcaa-6971242e3b03,80bf27c4-ceeb-45bb-b9d0-3696000167be,view,ff092989b96b450988ad63d34a7be76a,"{""referrer"": ""search"", ""dwell_sec"": 36}",2025-08-16 06:32:39.756240+00
89641a49-dbca-4f53-8158-c2a2cf8a52f1,2d1b3bdf-8ad5-4555-bcaa-6971242e3b03,80bf27c4-ceeb-45bb-b9d0-3696000167be,add_to_cart,ff092989b96b450988ad63d34a7be76a,"{""variant_id"": ""9e9e1526-9f9e-4a4f-9d26-e46aa416f9f4"", ""quantity"": 1}",2025-08-16 06:32:53.756240+00
478cb10b-726f-43cb-98b8-24e422a89db5,2d1b3bdf-8ad5-4555-bcaa-6971242e3b03,80bf27c4-ceeb-45bb-b9d0-3696000167be,add_to_cart,ff092989b96b450988ad63d34a7be76a,"{""variant_id"": ""19e09e7b-c6b5-4623-aae7-03fac4bfe175"", ""quantity"": 1}",2025-08-16 06:33:26.756240+00
1add75ef-2262-42c3-9175-de9291ed7755,2d1b3bdf-8ad5-4555-bcaa-6971242e3b03,979f809c-bc8f-4eec-89ce-de32b4175b32,search_click,c690dadedd464dfabbd3ce59c376595d,"{""query"": ""winter gift formal"", ""rank"": 1, ""device"": ""mobile""}",2025-08-15 17:41:54.756240+00
b866aaee-9048-433d-b5c7-9ac9813f39d9,2d1b3bdf-8ad5-4555-bcaa-6971242e3b03,979f809c-bc8f-4eec-89ce-de32b4175b32,view,c690dadedd464dfabbd3ce59c376595d,"{""referrer"": ""search"", ""dwell_sec"": 25}",2025-08-15 17:42:00.756240+00
21779e8b-bff1-4348-8bb3-da776939b3e6,2d1b3bdf-8ad5-4555-bcaa-6971242e3b03,a31954ad-5c6c-4a28-9cb0-2c6c3dfe99cd,search_click,c690dadedd464dfabbd3ce59c376595d,"{""query"": ""winter gift formal"", ""rank"": 2, ""device"": ""desktop""}",2025-08-15 17:42:33.756240+00
dd070a61-4616-46bb-be1d-efe3600f1f36,2d1b3bdf-8ad5-4555-bcaa-6971242e3b03,a31954ad-5c6c-4a28-9cb0-2c6c3dfe99cd,view,c690dadedd464dfabbd3ce59c376595d,"{""referrer"": ""search"", ""dwell_sec"": 59}",2025-08-15 17:42:36.756240+00
13972d10-b2ec-4ca3-85cc-c2ee8da466e0,2d1b3bdf-8ad5-4555-bcaa-6971242e3b03,b0925a87-018c-48ca-a1dd-fa67f1d7446a,search_click,c690dadedd464dfabbd3ce59c376595d,"{""query"": ""winter gift formal"", ""rank"": 3, ""device"": ""mobile""}",2025-08-15 17:42:53.756240+00
cb9fc58c-50cb-46e3-9cbe-dead36f1b735,2d1b3bdf-8ad5-4555-bcaa-6971242e3b03,b0925a87-018c-48ca-a1dd-fa67f1d7446a,view,c690dadedd464dfabbd3ce59c376595d,"{""referrer"": ""search"", ""dwell_sec"": 25}",2025-08-15 17:43:05.756240+00
26bff41c-82fb-421f-9c44-7db7e7bbbe5e,2d1b3bdf-8ad5-4555-bcaa-6971242e3b03,60a51ad1-ba52-43e5-9218-54e27ca857e0,search_click,c690dadedd464dfabbd3ce59c376595d,"{""query"": ""winter gift formal"", ""rank"": 4, ""device"": ""desktop""}",2025-08-15 17:44:05.756240+00
faee6fcc-5da5-41f5-b041-de24203d7060,2d1b3bdf-8ad5-4555-bcaa-6971242e3b03,60a51ad1-ba52-43e5-9218-54e27ca857e0,view,c690dadedd464dfabbd3ce59c376595d,"{""referrer"": ""search"", ""dwell_sec"": 88}",2025-08-15 17:44:10.756240+00
7347250b-54c4-4d88-bfbb-2c8b92eac1e0,2d1b3bdf-8ad5-4555-bcaa-6971242e3b03,8b635074-268f-466c-949e-aaaf0b143834,search_click,c690dadedd464dfabbd3ce59c376595d,"{""query"": ""winter gift formal"", ""rank"": 5, ""device"": ""desktop""}",2025-08-15 17:44:38.756240+00
bd161178-e5f7-4e95-9fec-45c84bd29ddb,2d1b3bdf-8ad5-4555-bcaa-6971242e3b03,8b635074-268f-466c-949e-aaaf0b143834,view,c690dadedd464dfabbd3ce59c376595d,"{""referrer"": ""search"", ""dwell_sec"": 52}",2025-08-15 17:44:43.756240+00
6e183da9-bc68-4ed8-b229-7343b58395e1,2d1b3bdf-8ad5-4555-bcaa-6971242e3b03,b0de0f60-82c8-4e43-a209-4528f01d0b4a,search_click,c690dadedd464dfabbd3ce59c376595d,"{""query"": ""winter gift formal"", ""rank"": 6, ""device"": ""mobile""}",2025-08-15 17:45:30.756240+00
54d0462b-19c0-40fe-ae3f-7937cc04e97e,2d1b3bdf-8ad5-4555-bcaa-6971242e3b03,b0de0f60-82c8-4e43-a209-4528f01d0b4a,view,c690dadedd464dfabbd3ce59c376595d,"{""referrer"": ""search"", ""dwell_sec"": 55}",2025-08-15 17:45:34.756240+00
510ed8ab-0ac0-40de-85dc-f0ec02b24654,2d1b3bdf-8ad5-4555-bcaa-6971242e3b03,b0de0f60-82c8-4e43-a209-4528f01d0b4a,wishlist_add,c690dadedd464dfabbd3ce59c376595d,{},2025-08-15 17:46:19.756240+00
d6a8f84e-2b5f-4674-8a4e-e7699f323acc,2d1b3bdf-8ad5-4555-bcaa-6971242e3b03,b0de0f60-82c8-4e43-a209-4528f01d0b4a,add_to_cart,c690dadedd464dfabbd3ce59c376595d,"{""variant_id"": ""e023286b-ba77-43ea-8ee0-f02e3c772f42"", ""quantity"": 1}",2025-08-15 17:46:38.756240+00
112b39e9-a027-4d4b-92a6-0b0e7f7d6e1f,2d1b3bdf-8ad5-4555-bcaa-6971242e3b03,b0de0f60-82c8-4e43-a209-4528f01d0b4a,abandon_cart,c690dadedd464dfabbd3ce59c376595d,{},2025-08-15 17:47:20.756240+00
e0726b4d-8e3f-4610-aaa1-3eb952e4291b,2d1b3bdf-8ad5-4555-bcaa-6971242e3b03,de2ff47e-217a-4f7d-be31-1b2a9926eda9,search_click,f5e1fd954aaa48bb8979c1b94f52d52a,"{""query"": ""Crossbody Camera Bag daily workwear"", ""rank"": 1, ""device"": ""mobile""}",2025-10-11 04:26:54.756240+00
ae40df47-0e31-4509-9def-3bf50a7cfca9,2d1b3bdf-8ad5-4555-bcaa-6971242e3b03,de2ff47e-217a-4f7d-be31-1b2a9926eda9,view,f5e1fd954aaa48bb8979c1b94f52d52a,"{""referrer"": ""search"", ""dwell_sec"": 72}",2025-10-11 04:26:59.756240+00
9c64dd4d-3204-4b5b-952f-ab80f5c63a47,2d1b3bdf-8ad5-4555-bcaa-6971242e3b03,1d19f678-f760-4786-9b01-1fb8917f0220,search_click,f5e1fd954aaa48bb8979c1b94f52d52a,"{""query"": ""Crossbody Camera Bag daily workwear"", ""rank"": 2, ""device"": ""mobile""}",2025-10-11 04:27:40.756240+00
1e9384d3-c738-4281-ac29-3e78d93a3a15,2d1b3bdf-8ad5-4555-bcaa-6971242e3b03,1d19f678-f760-4786-9b01-1fb8917f0220,view,f5e1fd954aaa48bb8979c1b94f52d52a,"{""referrer"": ""search"", ""dwell_sec"": 61}",2025-10-11 04:27:48.756240+00
1bade264-2f6d-4cae-8b0f-0b75ffe31c41,2d1b3bdf-8ad5-4555-bcaa-6971242e3b03,1d19f678-f760-4786-9b01-1fb8917f0220,add_to_cart,f5e1fd954aaa48bb8979c1b94f52d52a,"{""variant_id"": ""768d7e3e-b30a-4302-b609-2e9c40a7b450"", ""quantity"": 2}",2025-10-11 04:28:15.756240+00
de523d36-1d30-450d-863d-b92c79fa451a,2d1b3bdf-8ad5-4555-bcaa-6971242e3b03,1d19f678-f760-4786-9b01-1fb8917f0220,abandon_cart,f5e1fd954aaa48bb8979c1b94f52d52a,{},2025-10-11 04:28:26.756240+00
be72f7bf-e91a-4b11-bbcf-4f59834eeb54,2d1b3bdf-8ad5-4555-bcaa-6971242e3b03,8b635074-268f-466c-949e-aaaf0b143834,search_click,167833d5e7ad40d4b4a0dcbd988b1d27,"{""query"": ""workwear casual formal"", ""rank"": 1, ""device"": ""mobile""}",2025-09-03 05:46:54.756240+00
0806b96b-c2d1-4ef2-820c-9fd6f32fd5ea,2d1b3bdf-8ad5-4555-bcaa-6971242e3b03,8b635074-268f-466c-949e-aaaf0b143834,view,167833d5e7ad40d4b4a0dcbd988b1d27,"{""referrer"": ""search"", ""dwell_sec"": 54}",2025-09-03 05:47:12.756240+00
9b811148-6cdb-44a5-baf0-7e63fa9c3d4a,2d1b3bdf-8ad5-4555-bcaa-6971242e3b03,979f809c-bc8f-4eec-89ce-de32b4175b32,search_click,167833d5e7ad40d4b4a0dcbd988b1d27,"{""query"": ""workwear casual formal"", ""rank"": 2, ""device"": ""mobile""}",2025-09-03 05:47:24.756240+00
dd7ca448-eb7e-463b-b61f-7147d1b8d2e1,2d1b3bdf-8ad5-4555-bcaa-6971242e3b03,979f809c-bc8f-4eec-89ce-de32b4175b32,view,167833d5e7ad40d4b4a0dcbd988b1d27,"{""referrer"": ""search"", ""dwell_sec"": 86}",2025-09-03 05:47:42.756240+00
cfcc9abf-b516-4105-9072-17104bc0f136,2d1b3bdf-8ad5-4555-bcaa-6971242e3b03,a72d121a-7487-438d-b961-cbbf19626135,search_click,167833d5e7ad40d4b4a0dcbd988b1d27,"{""query"": ""workwear casual formal"", ""rank"": 3, ""device"": ""mobile""}",2025-09-03 05:48:25.756240+00
37786848-e303-4c75-b328-d04ab8368145,2d1b3bdf-8ad5-4555-bcaa-6971242e3b03,a72d121a-7487-438d-b961-cbbf19626135,view,167833d5e7ad40d4b4a0dcbd988b1d27,"{""referrer"": ""search"", ""dwell_sec"": 51}",2025-09-03 05:48:28.756240+00
b6af9bf9-6e12-45b5-a806-59007f0d7b76,2d1b3bdf-8ad5-4555-bcaa-6971242e3b03,a72d121a-7487-438d-b961-cbbf19626135,wishlist_add,167833d5e7ad40d4b4a0dcbd988b1d27,{},2025-09-03 05:48:53.756240+00
bb226810-1ea7-471a-9015-4888c040d4f5,8637f25c-464b-47f1-bbd1-045667331c62,1d19f678-f760-4786-9b01-1fb8917f0220,search_click,d2c0c97ccfae4020872fe5daba72409b,"{""query"": ""office classic sustainable luxury"", ""rank"": 1, ""device"": ""mobile""}",2025-08-31 06:38:54.756240+00
2a8ef042-e198-419e-bd45-452819f470fd,8637f25c-464b-47f1-bbd1-045667331c62,1d19f678-f760-4786-9b01-1fb8917f0220,view,d2c0c97ccfae4020872fe5daba72409b,"{""referrer"": ""search"", ""dwell_sec"": 16}",2025-08-31 06:39:04.756240+00
24f03f14-f62c-4b8e-afcf-d2cb3a784383,8637f25c-464b-47f1-bbd1-045667331c62,1d19f678-f760-4786-9b01-1fb8917f0220,search_click,d2c0c97ccfae4020872fe5daba72409b,"{""query"": ""office classic sustainable luxury"", ""rank"": 2, ""device"": ""mobile""}",2025-08-31 06:39:36.756240+00
4155dabe-4add-4414-bc3e-8c5ef46157fc,8637f25c-464b-47f1-bbd1-045667331c62,1d19f678-f760-4786-9b01-1fb8917f0220,view,d2c0c97ccfae4020872fe5daba72409b,"{""referrer"": ""search"", ""dwell_sec"": 83}",2025-08-31 06:39:53.756240+00
524c5f56-e9fa-4e37-a493-e1f67ae880ad,8637f25c-464b-47f1-bbd1-045667331c62,de2ff47e-217a-4f7d-be31-1b2a9926eda9,search_click,d2c0c97ccfae4020872fe5daba72409b,"{""query"": ""office classic sustainable luxury"", ""rank"": 3, ""device"": ""mobile""}",2025-08-31 06:40:36.756240+00
7a1dafe8-e011-4061-8c91-1e7941233bff,8637f25c-464b-47f1-bbd1-045667331c62,de2ff47e-217a-4f7d-be31-1b2a9926eda9,view,d2c0c97ccfae4020872fe5daba72409b,"{""referrer"": ""search"", ""dwell_sec"": 90}",2025-08-31 06:40:48.756240+00
fa6c436f-b243-4d03-8cff-7a227410bf9d,8637f25c-464b-47f1-bbd1-045667331c62,45e64d53-de11-4614-8e1b-3b16aac95357,search_click,d2c0c97ccfae4020872fe5daba72409b,"{""query"": ""office classic sustainable luxury"", ""rank"": 4, ""device"": ""mobile""}",2025-08-31 06:41:40.756240+00
e1c4b29e-f505-481c-9fea-d8751fb439d2,8637f25c-464b-47f1-bbd1-045667331c62,45e64d53-de11-4614-8e1b-3b16aac95357,view,d2c0c97ccfae4020872fe5daba72409b,"{""referrer"": ""search"", ""dwell_sec"": 6}",2025-08-31 06:41:46.756240+00
aa23bfa9-a71a-4043-b240-41d8c5d99c73,8637f25c-464b-47f1-bbd1-045667331c62,1d19f678-f760-4786-9b01-1fb8917f0220,wishlist_add,d2c0c97ccfae4020872fe5daba72409b,{},2025-08-31 06:42:36.756240+00
0dd8324b-9713-4091-8f81-f9d96ce52d59,8637f25c-464b-47f1-bbd1-045667331c62,de2ff47e-217a-4f7d-be31-1b2a9926eda9,add_to_cart,d2c0c97ccfae4020872fe5daba72409b,"{""variant_id"": ""40c12a54-1ec6-46b1-b668-829c1653e95c"", ""quantity"": 1}",2025-08-31 06:42:51.756240+00
909c2a24-f738-4180-9bc8-d5502f433297,8637f25c-464b-47f1-bbd1-045667331c62,1d19f678-f760-4786-9b01-1fb8917f0220,add_to_cart,d2c0c97ccfae4020872fe5daba72409b,"{""variant_id"": ""768d7e3e-b30a-4302-b609-2e9c40a7b450"", ""quantity"": 1}",2025-08-31 06:42:57.756240+00
c5288ebc-1795-49ee-bfe2-79e363ac77dd,8637f25c-464b-47f1-bbd1-045667331c62,60a51ad1-ba52-43e5-9218-54e27ca857e0,search_click,629e78777bdf412d906141ba8313e7df,"{""query"": ""cozy gift sustainable luxury"", ""rank"": 1, ""device"": ""mobile""}",2025-09-04 09:06:54.756240+00
33c085fe-9d84-4d43-a46d-56f9aff4d519,8637f25c-464b-47f1-bbd1-045667331c62,60a51ad1-ba52-43e5-9218-54e27ca857e0,view,629e78777bdf412d906141ba8313e7df,"{""referrer"": ""search"", ""dwell_sec"": 9}",2025-09-04 09:07:02.756240+00
36bef8f4-7f81-4bf3-bb29-9d01fca50212,8637f25c-464b-47f1-bbd1-045667331c62,1d19f678-f760-4786-9b01-1fb8917f0220,search_click,629e78777bdf412d906141ba8313e7df,"{""query"": ""cozy gift sustainable luxury"", ""rank"": 2, ""device"": ""desktop""}",2025-09-04 09:07:42.756240+00
ea444fb8-8411-4487-93c7-d4a06b4ba007,8637f25c-464b-47f1-bbd1-045667331c62,1d19f678-f760-4786-9b01-1fb8917f0220,view,629e78777bdf412d906141ba8313e7df,"{""referrer"": ""search"", ""dwell_sec"": 46}",2025-09-04 09:07:52.756240+00
6404255e-e8af-41c3-86dc-d6d40ce656a9,8637f25c-464b-47f1-bbd1-045667331c62,60a51ad1-ba52-43e5-9218-54e27ca857e0,add_to_cart,629e78777bdf412d906141ba8313e7df,"{""variant_id"": ""194550ab-8258-4b39-90e8-0b4c2e5286c1"", ""quantity"": 1}",2025-09-04 09:08:12.756240+00
654979ee-6719-471e-8142-703e2159a5fb,8637f25c-464b-47f1-bbd1-045667331c62,b0925a87-018c-48ca-a1dd-fa67f1d7446a,search_click,2bfb4894853843d6bcf5695fe07b1fae,"{""query"": ""outerwear luxury"", ""rank"": 1, ""device"": ""mobile""}",2025-10-06 14:15:54.756240+00
8a756d7a-a32e-4a57-a546-7a5a49d1bbbf,8637f25c-464b-47f1-bbd1-045667331c62,b0925a87-018c-48ca-a1dd-fa67f1d7446a,view,2bfb4894853843d6bcf5695fe07b1fae,"{""referrer"": ""search"", ""dwell_sec"": 5}",2025-10-06 14:16:01.756240+00
c31ca77a-b9d6-4335-9856-c944666bd9ba,8637f25c-464b-47f1-bbd1-045667331c62,60a51ad1-ba52-43e5-9218-54e27ca857e0,search_click,2bfb4894853843d6bcf5695fe07b1fae,"{""query"": ""outerwear luxury"", ""rank"": 2, ""device"": ""mobile""}",2025-10-06 14:16:32.756240+00
390ff02c-c4e9-4213-83d3-012042df8649,8637f25c-464b-47f1-bbd1-045667331c62,60a51ad1-ba52-43e5-9218-54e27ca857e0,view,2bfb4894853843d6bcf5695fe07b1fae,"{""referrer"": ""search"", ""dwell_sec"": 74}",2025-10-06 14:16:42.756240+00
47660a35-498e-4ff4-a8de-2733fcb04e50,8637f25c-464b-47f1-bbd1-045667331c62,58bce0b5-fe59-44c4-a5e4-0242444215bf,search_click,2bfb4894853843d6bcf5695fe07b1fae,"{""query"": ""outerwear luxury"", ""rank"": 3, ""device"": ""mobile""}",2025-10-06 14:17:09.756240+00
52cce0c9-df45-4d80-bd2e-5672092bb49d,8637f25c-464b-47f1-bbd1-045667331c62,58bce0b5-fe59-44c4-a5e4-0242444215bf,view,2bfb4894853843d6bcf5695fe07b1fae,"{""referrer"": ""search"", ""dwell_sec"": 5}",2025-10-06 14:17:22.756240+00
c75733f0-e3bb-4176-864a-63fbd11179b9,8637f25c-464b-47f1-bbd1-045667331c62,b0925a87-018c-48ca-a1dd-fa67f1d7446a,add_to_cart,2bfb4894853843d6bcf5695fe07b1fae,"{""variant_id"": ""a730fe49-722d-461a-8290-bb61d5823708"", ""quantity"": 1}",2025-10-06 14:18:15.756240+00
8abd5cf4-5e0f-471f-954d-745c2645b389,8637f25c-464b-47f1-bbd1-045667331c62,58bce0b5-fe59-44c4-a5e4-0242444215bf,add_to_cart,2bfb4894853843d6bcf5695fe07b1fae,"{""variant_id"": ""0b24fd16-13c7-4eb4-be3c-4e75482f1ca3"", ""quantity"": 1}",2025-10-06 14:18:29.756240+00
411ae346-d7fc-4266-bc12-b2507a84b07a,8637f25c-464b-47f1-bbd1-045667331c62,58bce0b5-fe59-44c4-a5e4-0242444215bf,abandon_cart,2bfb4894853843d6bcf5695fe07b1fae,{},2025-10-06 14:19:07.756240+00
cd34c769-487f-444e-9545-e798ff21b9fc,8637f25c-464b-47f1-bbd1-045667331c62,58bce0b5-fe59-44c4-a5e4-0242444215bf,search_click,5274e26385594112b607c0bbb0e23c79,"{""query"": ""Linen Resort Shirt linen sustainable luxury"", ""rank"": 1, ""device"": ""desktop""}",2025-09-11 06:05:54.756240+00
f6719c64-4cc2-46c5-9f72-4220d979f26e,8637f25c-464b-47f1-bbd1-045667331c62,58bce0b5-fe59-44c4-a5e4-0242444215bf,view,5274e26385594112b607c0bbb0e23c79,"{""referrer"": ""search"", ""dwell_sec"": 57}",2025-09-11 06:06:07.756240+00
a62d5f5d-3465-4292-8316-b6403d60008a,8637f25c-464b-47f1-bbd1-045667331c62,de2ff47e-217a-4f7d-be31-1b2a9926eda9,search_click,5274e26385594112b607c0bbb0e23c79,"{""query"": ""Linen Resort Shirt linen sustainable luxury"", ""rank"": 2, ""device"": ""desktop""}",2025-09-11 06:06:19.756240+00
10ee6e5f-4f40-4c70-af0e-5e260d31d510,8637f25c-464b-47f1-bbd1-045667331c62,de2ff47e-217a-4f7d-be31-1b2a9926eda9,view,5274e26385594112b607c0bbb0e23c79,"{""referrer"": ""search"", ""dwell_sec"": 62}",2025-09-11 06:06:28.756240+00
8c10e143-b614-4e38-a996-a7f61e598074,8637f25c-464b-47f1-bbd1-045667331c62,b0de0f60-82c8-4e43-a209-4528f01d0b4a,search_click,5274e26385594112b607c0bbb0e23c79,"{""query"": ""Linen Resort Shirt linen sustainable luxury"", ""rank"": 3, ""device"": ""desktop""}",2025-09-11 06:06:52.756240+00
6667d797-7202-4cdc-b1be-a486740dee65,8637f25c-464b-47f1-bbd1-045667331c62,b0de0f60-82c8-4e43-a209-4528f01d0b4a,view,5274e26385594112b607c0bbb0e23c79,"{""referrer"": ""search"", ""dwell_sec"": 20}",2025-09-11 06:07:03.756240+00
96f127dd-11f0-432d-99af-ab9f97827450,8637f25c-464b-47f1-bbd1-045667331c62,a31954ad-5c6c-4a28-9cb0-2c6c3dfe99cd,search_click,5274e26385594112b607c0bbb0e23c79,"{""query"": ""Linen Resort Shirt linen sustainable luxury"", ""rank"": 4, ""device"": ""mobile""}",2025-09-11 06:07:13.756240+00
0c25109b-3458-442b-89d8-1b9eb5c2430d,8637f25c-464b-47f1-bbd1-045667331c62,a31954ad-5c6c-4a28-9cb0-2c6c3dfe99cd,view,5274e26385594112b607c0bbb0e23c79,"{""referrer"": ""search"", ""dwell_sec"": 82}",2025-09-11 06:07:25.756240+00
73d88fc0-539a-4dfe-beb1-f7f32171103e,8637f25c-464b-47f1-bbd1-045667331c62,274fb507-6d75-46b0-87f5-8d873644c52c,search_click,5274e26385594112b607c0bbb0e23c79,"{""query"": ""Linen Resort Shirt linen sustainable luxury"", ""rank"": 5, ""device"": ""mobile""}",2025-09-11 06:07:32.756240+00
656eec33-b451-4b06-8343-113096f9004e,8637f25c-464b-47f1-bbd1-045667331c62,274fb507-6d75-46b0-87f5-8d873644c52c,view,5274e26385594112b607c0bbb0e23c79,"{""referrer"": ""search"", ""dwell_sec"": 23}",2025-09-11 06:07:45.756240+00
8a972197-f154-42b8-947e-714f7e1edc7a,8637f25c-464b-47f1-bbd1-045667331c62,274fb507-6d75-46b0-87f5-8d873644c52c,add_to_cart,5274e26385594112b607c0bbb0e23c79,"{""variant_id"": ""857ae682-b3b5-4ac0-a638-9024c5d69fb6"", ""quantity"": 2}",2025-09-11 06:07:55.756240+00
62b85642-005b-4da2-892f-c63c7b6c45e9,5441f23a-a8d6-4b5b-bfa5-043fad448dd3,aa9058c2-3702-4840-909d-4536f8ef27e7,search_click,a25e16267f014f04ba7960ba72542c92,"{""query"": ""sale limited everyday"", ""rank"": 1, ""device"": ""desktop""}",2025-09-28 16:47:54.756240+00
8cf94595-bc6a-40dd-9b3d-ff46bee6c879,5441f23a-a8d6-4b5b-bfa5-043fad448dd3,aa9058c2-3702-4840-909d-4536f8ef27e7,view,a25e16267f014f04ba7960ba72542c92,"{""referrer"": ""search"", ""dwell_sec"": 50}",2025-09-28 16:48:02.756240+00
cdc372bd-92b1-4149-857d-bfe55d674a6a,5441f23a-a8d6-4b5b-bfa5-043fad448dd3,6d056ecb-5e47-44bb-b9ef-d33e87f98d96,search_click,a25e16267f014f04ba7960ba72542c92,"{""query"": ""sale limited everyday"", ""rank"": 2, ""device"": ""mobile""}",2025-09-28 16:48:20.756240+00
a28c3bd5-3815-4be9-9fea-202dabecf508,5441f23a-a8d6-4b5b-bfa5-043fad448dd3,6d056ecb-5e47-44bb-b9ef-d33e87f98d96,view,a25e16267f014f04ba7960ba72542c92,"{""referrer"": ""search"", ""dwell_sec"": 40}",2025-09-28 16:48:31.756240+00
cbe28644-09bb-4bfb-9bbf-cc8ffe106ec1,5441f23a-a8d6-4b5b-bfa5-043fad448dd3,cd548d76-1702-4cf5-a5d1-c2101fac11f2,search_click,a25e16267f014f04ba7960ba72542c92,"{""query"": ""sale limited everyday"", ""rank"": 3, ""device"": ""mobile""}",2025-09-28 16:49:04.756240+00
720f77e4-3c1f-49c2-b51c-bdfd739c995c,5441f23a-a8d6-4b5b-bfa5-043fad448dd3,cd548d76-1702-4cf5-a5d1-c2101fac11f2,view,a25e16267f014f04ba7960ba72542c92,"{""referrer"": ""search"", ""dwell_sec"": 83}",2025-09-28 16:49:08.756240+00
484f7336-7dd6-4038-b94f-1f1f7bec785b,5441f23a-a8d6-4b5b-bfa5-043fad448dd3,a31954ad-5c6c-4a28-9cb0-2c6c3dfe99cd,search_click,a25e16267f014f04ba7960ba72542c92,"{""query"": ""sale limited everyday"", ""rank"": 4, ""device"": ""mobile""}",2025-09-28 16:49:52.756240+00
1d378166-0c5e-4902-844f-5ce7715267fb,5441f23a-a8d6-4b5b-bfa5-043fad448dd3,a31954ad-5c6c-4a28-9cb0-2c6c3dfe99cd,view,a25e16267f014f04ba7960ba72542c92,"{""referrer"": ""search"", ""dwell_sec"": 68}",2025-09-28 16:50:04.756240+00
11f7989d-a11d-42dc-bf18-68fff4ff076b,5441f23a-a8d6-4b5b-bfa5-043fad448dd3,cd548d76-1702-4cf5-a5d1-c2101fac11f2,add_to_cart,a25e16267f014f04ba7960ba72542c92,"{""variant_id"": ""9eaef92e-1c06-485b-bf5f-1567d80201c7"", ""quantity"": 1}",2025-09-28 16:50:35.756240+00
285305fd-0d81-4300-b645-177b98f9a9b6,5441f23a-a8d6-4b5b-bfa5-043fad448dd3,cd548d76-1702-4cf5-a5d1-c2101fac11f2,abandon_cart,a25e16267f014f04ba7960ba72542c92,{},2025-09-28 16:51:13.756240+00
0b4a2a8c-efe0-4211-b2fd-f4c252172606,5441f23a-a8d6-4b5b-bfa5-043fad448dd3,b0de0f60-82c8-4e43-a209-4528f01d0b4a,search_click,21f91b34a02d4f61b60e291e86a07979,"{""query"": ""gift cozy everyday streetwear"", ""rank"": 1, ""device"": ""desktop""}",2025-09-16 06:48:54.756240+00
a1c3eebe-9f2d-4873-ab4d-b28a73dd852b,5441f23a-a8d6-4b5b-bfa5-043fad448dd3,b0de0f60-82c8-4e43-a209-4528f01d0b4a,view,21f91b34a02d4f61b60e291e86a07979,"{""referrer"": ""search"", ""dwell_sec"": 27}",2025-09-16 06:49:02.756240+00
b974dfd2-ace8-4d8c-970c-408423cc0db8,5441f23a-a8d6-4b5b-bfa5-043fad448dd3,100a25a8-1074-4082-bf3e-619e6bf0ed06,search_click,21f91b34a02d4f61b60e291e86a07979,"{""query"": ""gift cozy everyday streetwear"", ""rank"": 2, ""device"": ""desktop""}",2025-09-16 06:49:22.756240+00
5f185743-ab43-49ca-abc8-abfb66463a30,5441f23a-a8d6-4b5b-bfa5-043fad448dd3,100a25a8-1074-4082-bf3e-619e6bf0ed06,view,21f91b34a02d4f61b60e291e86a07979,"{""referrer"": ""search"", ""dwell_sec"": 80}",2025-09-16 06:49:36.756240+00
722b97f7-e337-44f9-bf8b-a364874aff7b,5441f23a-a8d6-4b5b-bfa5-043fad448dd3,100a25a8-1074-4082-bf3e-619e6bf0ed06,search_click,21f91b34a02d4f61b60e291e86a07979,"{""query"": ""gift cozy everyday streetwear"", ""rank"": 3, ""device"": ""desktop""}",2025-09-16 06:49:42.756240+00
b1ddb072-0810-4050-8326-f697c7a96e92,5441f23a-a8d6-4b5b-bfa5-043fad448dd3,100a25a8-1074-4082-bf3e-619e6bf0ed06,view,21f91b34a02d4f61b60e291e86a07979,"{""referrer"": ""search"", ""dwell_sec"": 77}",2025-09-16 06:49:49.756240+00
3ff14fa6-d35f-43c1-9091-01e9dafee69f,5441f23a-a8d6-4b5b-bfa5-043fad448dd3,4f37e0ee-e916-47ea-affc-4d01665bb2db,search_click,21f91b34a02d4f61b60e291e86a07979,"{""query"": ""gift cozy everyday streetwear"", ""rank"": 4, ""device"": ""desktop""}",2025-09-16 06:50:06.756240+00
dfe4d611-bc7b-4f7c-afe8-0af715075fbb,5441f23a-a8d6-4b5b-bfa5-043fad448dd3,4f37e0ee-e916-47ea-affc-4d01665bb2db,view,21f91b34a02d4f61b60e291e86a07979,"{""referrer"": ""search"", ""dwell_sec"": 27}",2025-09-16 06:50:18.756240+00
d597edc1-8dda-438a-b847-83eab0079f7c,5441f23a-a8d6-4b5b-bfa5-043fad448dd3,979f809c-bc8f-4eec-89ce-de32b4175b32,search_click,21f91b34a02d4f61b60e291e86a07979,"{""query"": ""gift cozy everyday streetwear"", ""rank"": 5, ""device"": ""mobile""}",2025-09-16 06:50:54.756240+00
da8ca89d-c0ea-439f-98a0-658315f8be95,5441f23a-a8d6-4b5b-bfa5-043fad448dd3,979f809c-bc8f-4eec-89ce-de32b4175b32,view,21f91b34a02d4f61b60e291e86a07979,"{""referrer"": ""search"", ""dwell_sec"": 12}",2025-09-16 06:50:59.756240+00
92601533-371d-403f-9e5c-b0ab8eaac60b,5441f23a-a8d6-4b5b-bfa5-043fad448dd3,100a25a8-1074-4082-bf3e-619e6bf0ed06,add_to_cart,21f91b34a02d4f61b60e291e86a07979,"{""variant_id"": ""30da0001-042a-477d-8008-90217ac75308"", ""quantity"": 1}",2025-09-16 06:51:18.756240+00
b8eaceb1-4c9d-4794-b703-e4270c636181,5441f23a-a8d6-4b5b-bfa5-043fad448dd3,100a25a8-1074-4082-bf3e-619e6bf0ed06,checkout_start,21f91b34a02d4f61b60e291e86a07979,{},2025-09-16 06:51:43.756240+00
edbb94c9-6ad9-4a75-ab16-73e74d2b2497,5441f23a-a8d6-4b5b-bfa5-043fad448dd3,4f37e0ee-e916-47ea-affc-4d01665bb2db,search_click,5342a0fc43de4d10b8ace55723c18887,"{""query"": ""Tech Stretch Chinos casual everyday workwear"", ""rank"": 1, ""device"": ""desktop""}",2025-08-17 12:15:54.756240+00
a9253c25-bf52-431b-ade1-0a66ac30a399,5441f23a-a8d6-4b5b-bfa5-043fad448dd3,4f37e0ee-e916-47ea-affc-4d01665bb2db,view,5342a0fc43de4d10b8ace55723c18887,"{""referrer"": ""search"", ""dwell_sec"": 27}",2025-08-17 12:16:01.756240+00
6256e5ad-aecf-44f3-9c70-2433e3c79af6,5441f23a-a8d6-4b5b-bfa5-043fad448dd3,d9fd706a-05fe-4cbf-aa17-ef87fba1bb1b,search_click,5342a0fc43de4d10b8ace55723c18887,"{""query"": ""Tech Stretch Chinos casual everyday workwear"", ""rank"": 2, ""device"": ""mobile""}",2025-08-17 12:16:52.756240+00
8eb421d1-b3b4-434f-ba15-df3ffbd81c20,5441f23a-a8d6-4b5b-bfa5-043fad448dd3,d9fd706a-05fe-4cbf-aa17-ef87fba1bb1b,view,5342a0fc43de4d10b8ace55723c18887,"{""referrer"": ""search"", ""dwell_sec"": 77}",2025-08-17 12:17:07.756240+00
55651f39-a0a9-40b4-aa51-1a1961b2c2b9,5441f23a-a8d6-4b5b-bfa5-043fad448dd3,b0925a87-018c-48ca-a1dd-fa67f1d7446a,search_click,5342a0fc43de4d10b8ace55723c18887,"{""query"": ""Tech Stretch Chinos casual everyday workwear"", ""rank"": 3, ""device"": ""mobile""}",2025-08-17 12:17:14.756240+00
3765e6d2-8c2a-4878-bf74-5e3276b17b94,5441f23a-a8d6-4b5b-bfa5-043fad448dd3,b0925a87-018c-48ca-a1dd-fa67f1d7446a,view,5342a0fc43de4d10b8ace55723c18887,"{""referrer"": ""search"", ""dwell_sec"": 83}",2025-08-17 12:17:27.756240+00
c16bb16b-5823-452d-8ebd-f2e7bb06a9d5,5441f23a-a8d6-4b5b-bfa5-043fad448dd3,a72d121a-7487-438d-b961-cbbf19626135,search_click,5342a0fc43de4d10b8ace55723c18887,"{""query"": ""Tech Stretch Chinos casual everyday workwear"", ""rank"": 4, ""device"": ""mobile""}",2025-08-17 12:17:46.756240+00
b828441a-b389-4e3d-90e9-22b8d4c20c87,5441f23a-a8d6-4b5b-bfa5-043fad448dd3,a72d121a-7487-438d-b961-cbbf19626135,view,5342a0fc43de4d10b8ace55723c18887,"{""referrer"": ""search"", ""dwell_sec"": 23}",2025-08-17 12:18:04.756240+00
8cb453db-3873-49b3-8f28-a70d9a073368,5441f23a-a8d6-4b5b-bfa5-043fad448dd3,b0925a87-018c-48ca-a1dd-fa67f1d7446a,add_to_cart,5342a0fc43de4d10b8ace55723c18887,"{""variant_id"": ""a730fe49-722d-461a-8290-bb61d5823708"", ""quantity"": 1}",2025-08-17 12:18:30.756240+00
a507af31-048d-41c3-911a-722006715c8f,5441f23a-a8d6-4b5b-bfa5-043fad448dd3,b0925a87-018c-48ca-a1dd-fa67f1d7446a,checkout_start,5342a0fc43de4d10b8ace55723c18887,{},2025-08-17 12:18:48.756240+00
e94160d5-d890-48d0-b182-365dd78a0f63,719468f4-e599-444a-8613-f797f5c5382d,b0925a87-018c-48ca-a1dd-fa67f1d7446a,search_click,592fcee243e447408f51959025e536c0,"{""query"": ""linen vacation winter luxury"", ""rank"": 1, ""device"": ""desktop""}",2025-08-18 13:20:54.756240+00
1d2e2e87-168a-46c8-b84e-4672cfb93bb9,719468f4-e599-444a-8613-f797f5c5382d,b0925a87-018c-48ca-a1dd-fa67f1d7446a,view,592fcee243e447408f51959025e536c0,"{""referrer"": ""search"", ""dwell_sec"": 11}",2025-08-18 13:21:02.756240+00
89d84546-9eb8-419d-b838-a79905bd1699,719468f4-e599-444a-8613-f797f5c5382d,b6ce3169-694b-4c53-97e3-97364d3c6f4b,search_click,592fcee243e447408f51959025e536c0,"{""query"": ""linen vacation winter luxury"", ""rank"": 2, ""device"": ""desktop""}",2025-08-18 13:21:13.756240+00
9f6096f2-cc0f-4a83-9bc2-b7a10f9d90e3,719468f4-e599-444a-8613-f797f5c5382d,b6ce3169-694b-4c53-97e3-97364d3c6f4b,view,592fcee243e447408f51959025e536c0,"{""referrer"": ""search"", ""dwell_sec"": 29}",2025-08-18 13:21:22.756240+00
4557af95-dcd9-4ba0-8659-280dd23b8986,719468f4-e599-444a-8613-f797f5c5382d,1d19f678-f760-4786-9b01-1fb8917f0220,search_click,592fcee243e447408f51959025e536c0,"{""query"": ""linen vacation winter luxury"", ""rank"": 3, ""device"": ""desktop""}",2025-08-18 13:21:53.756240+00
566f5ae9-c3ed-4dc8-b4b3-fcd1f0578fd9,719468f4-e599-444a-8613-f797f5c5382d,1d19f678-f760-4786-9b01-1fb8917f0220,view,592fcee243e447408f51959025e536c0,"{""referrer"": ""search"", ""dwell_sec"": 43}",2025-08-18 13:22:05.756240+00
08e9d325-336f-40c1-b298-89e17b451062,719468f4-e599-444a-8613-f797f5c5382d,1d19f678-f760-4786-9b01-1fb8917f0220,search_click,592fcee243e447408f51959025e536c0,"{""query"": ""linen vacation winter luxury"", ""rank"": 4, ""device"": ""mobile""}",2025-08-18 13:22:25.756240+00
10d2083d-c0bf-4c1d-b9d5-70eb084fc175,719468f4-e599-444a-8613-f797f5c5382d,1d19f678-f760-4786-9b01-1fb8917f0220,view,592fcee243e447408f51959025e536c0,"{""referrer"": ""search"", ""dwell_sec"": 55}",2025-08-18 13:22:29.756240+00
023c5f10-0f7c-4cf9-ad6e-b762e5c668c6,719468f4-e599-444a-8613-f797f5c5382d,1d19f678-f760-4786-9b01-1fb8917f0220,add_to_cart,592fcee243e447408f51959025e536c0,"{""variant_id"": ""768d7e3e-b30a-4302-b609-2e9c40a7b450"", ""quantity"": 1}",2025-08-18 13:23:10.756240+00
4be691ee-8204-400a-a820-e29b4445036c,719468f4-e599-444a-8613-f797f5c5382d,5adb709a-3442-4a19-88f1-9ad37b4012bd,search_click,91d5bc5515384604a2e7d0dc7f195d92,"{""query"": ""workwear classic luxury"", ""rank"": 1, ""device"": ""desktop""}",2025-09-29 02:09:54.756240+00
721e58c2-bb1f-43f9-a116-bd1da7e0b396,719468f4-e599-444a-8613-f797f5c5382d,5adb709a-3442-4a19-88f1-9ad37b4012bd,view,91d5bc5515384604a2e7d0dc7f195d92,"{""referrer"": ""search"", ""dwell_sec"": 62}",2025-09-29 02:10:02.756240+00
8bd63335-1146-453e-926f-c1efe44fd077,719468f4-e599-444a-8613-f797f5c5382d,7a199e8b-b8e1-46d2-beb8-99ba92f52dcd,search_click,91d5bc5515384604a2e7d0dc7f195d92,"{""query"": ""workwear classic luxury"", ""rank"": 2, ""device"": ""desktop""}",2025-09-29 02:10:09.756240+00
2b81a061-c00a-4787-98d7-f12eb75c12ce,719468f4-e599-444a-8613-f797f5c5382d,7a199e8b-b8e1-46d2-beb8-99ba92f52dcd,view,91d5bc5515384604a2e7d0dc7f195d92,"{""referrer"": ""search"", ""dwell_sec"": 64}",2025-09-29 02:10:26.756240+00
0ee91544-f224-4b2a-aab3-e91629867add,719468f4-e599-444a-8613-f797f5c5382d,7a199e8b-b8e1-46d2-beb8-99ba92f52dcd,wishlist_add,91d5bc5515384604a2e7d0dc7f195d92,{},2025-09-29 02:10:47.756240+00
dcd6eb66-94ea-48a8-ae2c-2ff7bf4bc515,719468f4-e599-444a-8613-f797f5c5382d,5adb709a-3442-4a19-88f1-9ad37b4012bd,add_to_cart,91d5bc5515384604a2e7d0dc7f195d92,"{""variant_id"": ""a630f4f6-93c4-4ed2-a708-35a4ab1db1d9"", ""quantity"": 2}",2025-09-29 02:10:55.756240+00
2b0e9e67-0901-497f-9cdf-f1cd1d0d8c00,719468f4-e599-444a-8613-f797f5c5382d,5adb709a-3442-4a19-88f1-9ad37b4012bd,checkout_start,91d5bc5515384604a2e7d0dc7f195d92,{},2025-09-29 02:11:14.756240+00
206daa1b-f75e-4ae2-9925-06a576e945a3,f04d0b38-0e7f-453e-9639-60c5a5424527,8b635074-268f-466c-949e-aaaf0b143834,search_click,5f515c6eeab54345aa4071b5ccd18732,"{""query"": ""pima everyday formal"", ""rank"": 1, ""device"": ""mobile""}",2025-10-03 14:59:54.756240+00
3a45de17-70b2-46d0-b80c-327b9e1339a2,f04d0b38-0e7f-453e-9639-60c5a5424527,8b635074-268f-466c-949e-aaaf0b143834,view,5f515c6eeab54345aa4071b5ccd18732,"{""referrer"": ""search"", ""dwell_sec"": 24}",2025-10-03 15:00:10.756240+00
73d62029-587e-4066-bb55-23c14ae456a3,f04d0b38-0e7f-453e-9639-60c5a5424527,a31954ad-5c6c-4a28-9cb0-2c6c3dfe99cd,search_click,5f515c6eeab54345aa4071b5ccd18732,"{""query"": ""pima everyday formal"", ""rank"": 2, ""device"": ""mobile""}",2025-10-03 15:00:24.756240+00
72588b21-63f4-452a-ba84-1b7440fbe22f,f04d0b38-0e7f-453e-9639-60c5a5424527,a31954ad-5c6c-4a28-9cb0-2c6c3dfe99cd,view,5f515c6eeab54345aa4071b5ccd18732,"{""referrer"": ""search"", ""dwell_sec"": 77}",2025-10-03 15:00:30.756240+00
70f87569-b4d5-4b1c-bfe8-4c4c7e21d2dc,f04d0b38-0e7f-453e-9639-60c5a5424527,1d19f678-f760-4786-9b01-1fb8917f0220,search_click,5f515c6eeab54345aa4071b5ccd18732,"{""query"": ""pima everyday formal"", ""rank"": 3, ""device"": ""mobile""}",2025-10-03 15:01:24.756240+00
6cc36923-86a5-4b31-bc7f-c7df94131422,f04d0b38-0e7f-453e-9639-60c5a5424527,1d19f678-f760-4786-9b01-1fb8917f0220,view,5f515c6eeab54345aa4071b5ccd18732,"{""referrer"": ""search"", ""dwell_sec"": 73}",2025-10-03 15:01:36.756240+00
d685d463-d0ee-4411-b0c1-36f791abb70e,f04d0b38-0e7f-453e-9639-60c5a5424527,a72d121a-7487-438d-b961-cbbf19626135,search_click,5f515c6eeab54345aa4071b5ccd18732,"{""query"": ""pima everyday formal"", ""rank"": 4, ""device"": ""desktop""}",2025-10-03 15:02:03.756240+00
50116fec-40b9-4c57-977c-1c23cf39b45a,f04d0b38-0e7f-453e-9639-60c5a5424527,a72d121a-7487-438d-b961-cbbf19626135,view,5f515c6eeab54345aa4071b5ccd18732,"{""referrer"": ""search"", ""dwell_sec"": 54}",2025-10-03 15:02:14.756240+00
ad0bc4f8-9514-47ce-90be-83474beef576,f04d0b38-0e7f-453e-9639-60c5a5424527,274fb507-6d75-46b0-87f5-8d873644c52c,search_click,5f515c6eeab54345aa4071b5ccd18732,"{""query"": ""pima everyday formal"", ""rank"": 5, ""device"": ""desktop""}",2025-10-03 15:03:00.756240+00
2b1ea8e1-e8ca-4555-be99-b02c588b21ce,f04d0b38-0e7f-453e-9639-60c5a5424527,274fb507-6d75-46b0-87f5-8d873644c52c,view,5f515c6eeab54345aa4071b5ccd18732,"{""referrer"": ""search"", ""dwell_sec"": 9}",2025-10-03 15:03:18.756240+00
d0854cba-05ed-4468-997d-664e25df9b6f,f04d0b38-0e7f-453e-9639-60c5a5424527,45e64d53-de11-4614-8e1b-3b16aac95357,search_click,5f515c6eeab54345aa4071b5ccd18732,"{""query"": ""pima everyday formal"", ""rank"": 6, ""device"": ""desktop""}",2025-10-03 15:03:34.756240+00
4d31622e-fd43-469d-993e-2928c075ef96,f04d0b38-0e7f-453e-9639-60c5a5424527,45e64d53-de11-4614-8e1b-3b16aac95357,view,5f515c6eeab54345aa4071b5ccd18732,"{""referrer"": ""search"", ""dwell_sec"": 23}",2025-10-03 15:03:49.756240+00
cfc50a0c-45b3-4aa4-bd4d-b4f1daeed917,f04d0b38-0e7f-453e-9639-60c5a5424527,a31954ad-5c6c-4a28-9cb0-2c6c3dfe99cd,search_click,3443c1773e234159b04353dc0a77bbbf,"{""query"": ""everyday casual formal sustainable"", ""rank"": 1, ""device"": ""mobile""}",2025-09-19 06:55:54.756240+00
a71206d7-ad69-4486-b081-c8b46ae4558c,f04d0b38-0e7f-453e-9639-60c5a5424527,a31954ad-5c6c-4a28-9cb0-2c6c3dfe99cd,view,3443c1773e234159b04353dc0a77bbbf,"{""referrer"": ""search"", ""dwell_sec"": 67}",2025-09-19 06:56:10.756240+00
3013dccc-fade-47f5-9308-28e546a788b2,f04d0b38-0e7f-453e-9639-60c5a5424527,b0de0f60-82c8-4e43-a209-4528f01d0b4a,search_click,3443c1773e234159b04353dc0a77bbbf,"{""query"": ""everyday casual formal sustainable"", ""rank"": 2, ""device"": ""desktop""}",2025-09-19 06:57:03.756240+00
7189a639-f489-4fc6-87f0-9ad4a5909912,f04d0b38-0e7f-453e-9639-60c5a5424527,b0de0f60-82c8-4e43-a209-4528f01d0b4a,view,3443c1773e234159b04353dc0a77bbbf,"{""referrer"": ""search"", ""dwell_sec"": 70}",2025-09-19 06:57:07.756240+00
fafaefb4-090f-4d4e-966d-d99ebaeda4d9,f04d0b38-0e7f-453e-9639-60c5a5424527,de2ff47e-217a-4f7d-be31-1b2a9926eda9,search_click,3443c1773e234159b04353dc0a77bbbf,"{""query"": ""everyday casual formal sustainable"", ""rank"": 3, ""device"": ""mobile""}",2025-09-19 06:58:02.756240+00
d25b9f76-c723-424f-828b-171e22a6f017,f04d0b38-0e7f-453e-9639-60c5a5424527,de2ff47e-217a-4f7d-be31-1b2a9926eda9,view,3443c1773e234159b04353dc0a77bbbf,"{""referrer"": ""search"", ""dwell_sec"": 44}",2025-09-19 06:58:07.756240+00
e7fd458a-f2f4-4fd6-bcf2-fbbe017e9922,f04d0b38-0e7f-453e-9639-60c5a5424527,58bce0b5-fe59-44c4-a5e4-0242444215bf,search_click,3443c1773e234159b04353dc0a77bbbf,"{""query"": ""everyday casual formal sustainable"", ""rank"": 4, ""device"": ""desktop""}",2025-09-19 06:58:57.756240+00
b2365fce-180f-4d36-bcab-b5c68259e6dd,f04d0b38-0e7f-453e-9639-60c5a5424527,58bce0b5-fe59-44c4-a5e4-0242444215bf,view,3443c1773e234159b04353dc0a77bbbf,"{""referrer"": ""search"", ""dwell_sec"": 72}",2025-09-19 06:59:04.756240+00
c545dd90-bace-4913-b5fe-7c39964b0d7b,f04d0b38-0e7f-453e-9639-60c5a5424527,b0de0f60-82c8-4e43-a209-4528f01d0b4a,wishlist_add,3443c1773e234159b04353dc0a77bbbf,{},2025-09-19 06:59:45.756240+00
284dbf85-af94-45e6-a87e-9b5844117b9d,f04d0b38-0e7f-453e-9639-60c5a5424527,a31954ad-5c6c-4a28-9cb0-2c6c3dfe99cd,add_to_cart,3443c1773e234159b04353dc0a77bbbf,"{""variant_id"": ""2b6ff90a-7c59-484b-9a3f-732bf1043313"", ""quantity"": 1}",2025-09-19 07:00:02.756240+00
8a617065-3d10-4a7b-89c3-8cdf25435a7d,f04d0b38-0e7f-453e-9639-60c5a5424527,58bce0b5-fe59-44c4-a5e4-0242444215bf,search_click,aa05c9f4975f48db9b0211fc3d22cdc4,"{""query"": ""casual Linen Summer Blazer sustainable"", ""rank"": 1, ""device"": ""mobile""}",2025-09-08 16:30:54.756240+00
5df9c546-43d6-4aba-b6c5-6d2f2198df19,f04d0b38-0e7f-453e-9639-60c5a5424527,58bce0b5-fe59-44c4-a5e4-0242444215bf,view,aa05c9f4975f48db9b0211fc3d22cdc4,"{""referrer"": ""search"", ""dwell_sec"": 88}",2025-09-08 16:31:05.756240+00
2b03d571-b62d-43be-8ff7-5a9d3573aae1,f04d0b38-0e7f-453e-9639-60c5a5424527,8b635074-268f-466c-949e-aaaf0b143834,search_click,aa05c9f4975f48db9b0211fc3d22cdc4,"{""query"": ""casual Linen Summer Blazer sustainable"", ""rank"": 2, ""device"": ""mobile""}",2025-09-08 16:31:36.756240+00
4c745019-91d5-4170-8d40-8dd806e33b47,f04d0b38-0e7f-453e-9639-60c5a5424527,8b635074-268f-466c-949e-aaaf0b143834,view,aa05c9f4975f48db9b0211fc3d22cdc4,"{""referrer"": ""search"", ""dwell_sec"": 65}",2025-09-08 16:31:39.756240+00
f12f457f-726e-4266-a251-4a7979bc693b,f04d0b38-0e7f-453e-9639-60c5a5424527,80bf27c4-ceeb-45bb-b9d0-3696000167be,search_click,aa05c9f4975f48db9b0211fc3d22cdc4,"{""query"": ""casual Linen Summer Blazer sustainable"", ""rank"": 3, ""device"": ""mobile""}",2025-09-08 16:31:52.756240+00
7ce902ae-fe24-4c33-bda8-a208eb92f484,f04d0b38-0e7f-453e-9639-60c5a5424527,80bf27c4-ceeb-45bb-b9d0-3696000167be,view,aa05c9f4975f48db9b0211fc3d22cdc4,"{""referrer"": ""search"", ""dwell_sec"": 33}",2025-09-08 16:31:55.756240+00
4fad2a81-4021-4d6e-950b-117686bf0b04,f04d0b38-0e7f-453e-9639-60c5a5424527,45e64d53-de11-4614-8e1b-3b16aac95357,search_click,aa05c9f4975f48db9b0211fc3d22cdc4,"{""query"": ""casual Linen Summer Blazer sustainable"", ""rank"": 4, ""device"": ""desktop""}",2025-09-08 16:32:16.756240+00
4017e424-0458-4e37-8a55-7210856ed00a,f04d0b38-0e7f-453e-9639-60c5a5424527,45e64d53-de11-4614-8e1b-3b16aac95357,view,aa05c9f4975f48db9b0211fc3d22cdc4,"{""referrer"": ""search"", ""dwell_sec"": 59}",2025-09-08 16:32:27.756240+00
5bc58275-5f81-4dda-bbfb-90be67579bff,f04d0b38-0e7f-453e-9639-60c5a5424527,45e64d53-de11-4614-8e1b-3b16aac95357,add_to_cart,aa05c9f4975f48db9b0211fc3d22cdc4,"{""variant_id"": ""f3f49c1c-4bc8-4873-96ec-5b00c17077fd"", ""quantity"": 2}",2025-09-08 16:32:56.756240+00
f3bf75b7-b657-4310-ac62-da4de970d310,f04d0b38-0e7f-453e-9639-60c5a5424527,45e64d53-de11-4614-8e1b-3b16aac95357,abandon_cart,aa05c9f4975f48db9b0211fc3d22cdc4,{},2025-09-08 16:33:38.756240+00
94a89520-5d1c-4f05-8320-fafe24092980,b2367932-0737-4ec5-b76c-cf0e9c4e4a38,b0925a87-018c-48ca-a1dd-fa67f1d7446a,search_click,68a685466adf482a95e03d83a2e59924,"{""query"": ""tote leather everyday"", ""rank"": 1, ""device"": ""desktop""}",2025-09-24 08:25:54.756240+00
9dc8c0d7-26a3-46b5-b2ec-dec88dda7084,b2367932-0737-4ec5-b76c-cf0e9c4e4a38,b0925a87-018c-48ca-a1dd-fa67f1d7446a,view,68a685466adf482a95e03d83a2e59924,"{""referrer"": ""search"", ""dwell_sec"": 9}",2025-09-24 08:26:09.756240+00
bdb664fa-234a-4ec9-b163-d1869c367203,b2367932-0737-4ec5-b76c-cf0e9c4e4a38,8b635074-268f-466c-949e-aaaf0b143834,search_click,68a685466adf482a95e03d83a2e59924,"{""query"": ""tote leather everyday"", ""rank"": 2, ""device"": ""mobile""}",2025-09-24 08:26:51.756240+00
f174eb49-8ea3-4d46-a0fb-461f13290b3a,b2367932-0737-4ec5-b76c-cf0e9c4e4a38,8b635074-268f-466c-949e-aaaf0b143834,view,68a685466adf482a95e03d83a2e59924,"{""referrer"": ""search"", ""dwell_sec"": 33}",2025-09-24 08:27:04.756240+00
ce6b306a-cff1-4e30-a0d8-3292c7ed9f62,b2367932-0737-4ec5-b76c-cf0e9c4e4a38,b0925a87-018c-48ca-a1dd-fa67f1d7446a,search_click,68a685466adf482a95e03d83a2e59924,"{""query"": ""tote leather everyday"", ""rank"": 3, ""device"": ""desktop""}",2025-09-24 08:27:52.756240+00
01d7d9a9-3129-4f1a-a85d-4f69322fb4e1,b2367932-0737-4ec5-b76c-cf0e9c4e4a38,b0925a87-018c-48ca-a1dd-fa67f1d7446a,view,68a685466adf482a95e03d83a2e59924,"{""referrer"": ""search"", ""dwell_sec"": 69}",2025-09-24 08:28:06.756240+00
ac6cb1f5-083b-4bee-b7b7-be46037bd02c,b2367932-0737-4ec5-b76c-cf0e9c4e4a38,8b635074-268f-466c-949e-aaaf0b143834,add_to_cart,68a685466adf482a95e03d83a2e59924,"{""variant_id"": ""0c8977dd-8e3b-4c3d-9d12-7c368143651f"", ""quantity"": 1}",2025-09-24 08:28:30.756240+00
2a0556b4-ee76-4f95-9e4f-d6bad9de3fbd,b2367932-0737-4ec5-b76c-cf0e9c4e4a38,783a36aa-334d-4e88-88cf-65b04f6a0fc3,search_click,70af2e81e7e24d0e90d5142f37cca336,"{""query"": ""Crossbody Camera Bag crossbody workwear formal"", ""rank"": 1, ""device"": ""desktop""}",2025-09-29 07:13:54.756240+00
cc29b7cd-0ab9-4ae7-ab23-cac30389fae4,b2367932-0737-4ec5-b76c-cf0e9c4e4a38,783a36aa-334d-4e88-88cf-65b04f6a0fc3,view,70af2e81e7e24d0e90d5142f37cca336,"{""referrer"": ""search"", ""dwell_sec"": 77}",2025-09-29 07:14:10.756240+00
bc6e60f4-eefa-4090-9976-0e348abb0d1b,b2367932-0737-4ec5-b76c-cf0e9c4e4a38,b0de0f60-82c8-4e43-a209-4528f01d0b4a,search_click,70af2e81e7e24d0e90d5142f37cca336,"{""query"": ""Crossbody Camera Bag crossbody workwear formal"", ""rank"": 2, ""device"": ""mobile""}",2025-09-29 07:14:44.756240+00
59373005-61fb-4ea3-8fd7-685c7398d500,b2367932-0737-4ec5-b76c-cf0e9c4e4a38,b0de0f60-82c8-4e43-a209-4528f01d0b4a,view,70af2e81e7e24d0e90d5142f37cca336,"{""referrer"": ""search"", ""dwell_sec"": 28}",2025-09-29 07:14:57.756240+00
b911f7ad-ec39-4161-82d3-4afe81192fae,b2367932-0737-4ec5-b76c-cf0e9c4e4a38,b0925a87-018c-48ca-a1dd-fa67f1d7446a,search_click,70af2e81e7e24d0e90d5142f37cca336,"{""query"": ""Crossbody Camera Bag crossbody workwear formal"", ""rank"": 3, ""device"": ""mobile""}",2025-09-29 07:15:51.756240+00
aacd825f-3e3a-48b7-a2bb-041b0fb18f0c,b2367932-0737-4ec5-b76c-cf0e9c4e4a38,b0925a87-018c-48ca-a1dd-fa67f1d7446a,view,70af2e81e7e24d0e90d5142f37cca336,"{""referrer"": ""search"", ""dwell_sec"": 47}",2025-09-29 07:16:09.756240+00
0c518b94-1510-47e9-aa3d-fb5a9b470266,b2367932-0737-4ec5-b76c-cf0e9c4e4a38,58bce0b5-fe59-44c4-a5e4-0242444215bf,search_click,70af2e81e7e24d0e90d5142f37cca336,"{""query"": ""Crossbody Camera Bag crossbody workwear formal"", ""rank"": 4, ""device"": ""mobile""}",2025-09-29 07:16:54.756240+00
7e2f5dcc-e140-44fb-8ada-c2b43ad436f3,b2367932-0737-4ec5-b76c-cf0e9c4e4a38,58bce0b5-fe59-44c4-a5e4-0242444215bf,view,70af2e81e7e24d0e90d5142f37cca336,"{""referrer"": ""search"", ""dwell_sec"": 86}",2025-09-29 07:17:07.756240+00
d37052d7-c436-4645-abd2-2f318d4e5dcc,b2367932-0737-4ec5-b76c-cf0e9c4e4a38,b0925a87-018c-48ca-a1dd-fa67f1d7446a,wishlist_add,70af2e81e7e24d0e90d5142f37cca336,{},2025-09-29 07:17:15.756240+00
0043f3a8-e86a-43a0-9631-b118d99e2b0f,b2367932-0737-4ec5-b76c-cf0e9c4e4a38,b0de0f60-82c8-4e43-a209-4528f01d0b4a,add_to_cart,70af2e81e7e24d0e90d5142f37cca336,"{""variant_id"": ""e023286b-ba77-43ea-8ee0-f02e3c772f42"", ""quantity"": 1}",2025-09-29 07:17:33.756240+00
ab833cd0-e38a-4407-bf07-2651ce8ea1db,b2367932-0737-4ec5-b76c-cf0e9c4e4a38,b0de0f60-82c8-4e43-a209-4528f01d0b4a,abandon_cart,70af2e81e7e24d0e90d5142f37cca336,{},2025-09-29 07:18:18.756240+00
b100b5af-4b98-4ffc-a805-f035521eff18,b2367932-0737-4ec5-b76c-cf0e9c4e4a38,a31954ad-5c6c-4a28-9cb0-2c6c3dfe99cd,search_click,d7f31e80eaa840cb8fc8c38db8a0e098,"{""query"": ""classic denim workwear formal"", ""rank"": 1, ""device"": ""desktop""}",2025-09-10 17:10:54.756240+00
1888e6df-f871-4692-a413-16a3db4439e2,b2367932-0737-4ec5-b76c-cf0e9c4e4a38,a31954ad-5c6c-4a28-9cb0-2c6c3dfe99cd,view,d7f31e80eaa840cb8fc8c38db8a0e098,"{""referrer"": ""search"", ""dwell_sec"": 71}",2025-09-10 17:11:11.756240+00
e75b9ac6-64df-4948-a0ff-c9292bc8d331,b2367932-0737-4ec5-b76c-cf0e9c4e4a38,45e64d53-de11-4614-8e1b-3b16aac95357,search_click,d7f31e80eaa840cb8fc8c38db8a0e098,"{""query"": ""classic denim workwear formal"", ""rank"": 2, ""device"": ""desktop""}",2025-09-10 17:11:54.756240+00
47194426-57e6-442a-bf28-7a63544996c7,b2367932-0737-4ec5-b76c-cf0e9c4e4a38,45e64d53-de11-4614-8e1b-3b16aac95357,view,d7f31e80eaa840cb8fc8c38db8a0e098,"{""referrer"": ""search"", ""dwell_sec"": 22}",2025-09-10 17:12:10.756240+00
bc35f8a5-ab7e-4881-bb43-26a8142f6bd6,b2367932-0737-4ec5-b76c-cf0e9c4e4a38,b0de0f60-82c8-4e43-a209-4528f01d0b4a,search_click,941af05e021f42879921dcb61d234071,"{""query"": ""organic-cotton eco-friendly everyday"", ""rank"": 1, ""device"": ""mobile""}",2025-08-13 17:09:54.756240+00
e4b74af5-5cbe-4c2e-b8a1-b888049c5cc4,b2367932-0737-4ec5-b76c-cf0e9c4e4a38,b0de0f60-82c8-4e43-a209-4528f01d0b4a,view,941af05e021f42879921dcb61d234071,"{""referrer"": ""search"", ""dwell_sec"": 88}",2025-08-13 17:10:00.756240+00
96d42218-9970-4833-88ca-3a88f089dc2f,b2367932-0737-4ec5-b76c-cf0e9c4e4a38,80bf27c4-ceeb-45bb-b9d0-3696000167be,search_click,941af05e021f42879921dcb61d234071,"{""query"": ""organic-cotton eco-friendly everyday"", ""rank"": 2, ""device"": ""mobile""}",2025-08-13 17:10:58.756240+00
a979dc0a-beac-4ce7-a921-02027ca0e55b,b2367932-0737-4ec5-b76c-cf0e9c4e4a38,80bf27c4-ceeb-45bb-b9d0-3696000167be,view,941af05e021f42879921dcb61d234071,"{""referrer"": ""search"", ""dwell_sec"": 19}",2025-08-13 17:11:02.756240+00
1375891a-45ab-4e58-b3bb-ed474d316bb0,b2367932-0737-4ec5-b76c-cf0e9c4e4a38,5adb709a-3442-4a19-88f1-9ad37b4012bd,search_click,941af05e021f42879921dcb61d234071,"{""query"": ""organic-cotton eco-friendly everyday"", ""rank"": 3, ""device"": ""desktop""}",2025-08-13 17:11:33.756240+00
3964169d-c7a1-49f9-aef5-a65dcbd7be72,b2367932-0737-4ec5-b76c-cf0e9c4e4a38,5adb709a-3442-4a19-88f1-9ad37b4012bd,view,941af05e021f42879921dcb61d234071,"{""referrer"": ""search"", ""dwell_sec"": 20}",2025-08-13 17:11:48.756240+00
a6384900-6f0b-41bd-95d8-c9d7fc75eeb4,b2367932-0737-4ec5-b76c-cf0e9c4e4a38,5adb709a-3442-4a19-88f1-9ad37b4012bd,wishlist_add,941af05e021f42879921dcb61d234071,{},2025-08-13 17:12:28.756240+00
0bd6d77c-0d89-484a-b3b0-616523015ea1,b2367932-0737-4ec5-b76c-cf0e9c4e4a38,80bf27c4-ceeb-45bb-b9d0-3696000167be,add_to_cart,941af05e021f42879921dcb61d234071,"{""variant_id"": ""19e09e7b-c6b5-4623-aae7-03fac4bfe175"", ""quantity"": 1}",2025-08-13 17:12:42.756240+00
fa91ae81-03df-4f55-b45d-a39c5ec2e433,b2367932-0737-4ec5-b76c-cf0e9c4e4a38,80bf27c4-ceeb-45bb-b9d0-3696000167be,checkout_start,941af05e021f42879921dcb61d234071,{},2025-08-13 17:13:26.756240+00
ad8b9607-35b3-4baa-986d-b100cafb0827,d9ef721c-fa47-4806-9bab-4c28d3b1f50f,4f37e0ee-e916-47ea-affc-4d01665bb2db,search_click,057a520b97294a06a8538476ebdfa1c9,"{""query"": ""wool Tailored Wool Coat formal luxury"", ""rank"": 1, ""device"": ""desktop""}",2025-09-18 06:44:54.756240+00
ebde4049-4d9f-44fb-9621-db9f59f8da16,d9ef721c-fa47-4806-9bab-4c28d3b1f50f,4f37e0ee-e916-47ea-affc-4d01665bb2db,view,057a520b97294a06a8538476ebdfa1c9,"{""referrer"": ""search"", ""dwell_sec"": 17}",2025-09-18 06:44:58.756240+00
dcdd44d5-6ac0-4445-b5cf-b349ca567497,d9ef721c-fa47-4806-9bab-4c28d3b1f50f,1d19f678-f760-4786-9b01-1fb8917f0220,search_click,057a520b97294a06a8538476ebdfa1c9,"{""query"": ""wool Tailored Wool Coat formal luxury"", ""rank"": 2, ""device"": ""mobile""}",2025-09-18 06:45:55.756240+00
47ba63c3-c210-46a9-859c-976882bbe442,d9ef721c-fa47-4806-9bab-4c28d3b1f50f,1d19f678-f760-4786-9b01-1fb8917f0220,view,057a520b97294a06a8538476ebdfa1c9,"{""referrer"": ""search"", ""dwell_sec"": 42}",2025-09-18 06:45:59.756240+00
96193f0f-2663-4c7d-9a56-f4405c935f24,d9ef721c-fa47-4806-9bab-4c28d3b1f50f,5adb709a-3442-4a19-88f1-9ad37b4012bd,search_click,057a520b97294a06a8538476ebdfa1c9,"{""query"": ""wool Tailored Wool Coat formal luxury"", ""rank"": 3, ""device"": ""desktop""}",2025-09-18 06:46:27.756240+00
6e9351b4-9edf-4036-8eb5-2db3b487c9e5,d9ef721c-fa47-4806-9bab-4c28d3b1f50f,5adb709a-3442-4a19-88f1-9ad37b4012bd,view,057a520b97294a06a8538476ebdfa1c9,"{""referrer"": ""search"", ""dwell_sec"": 19}",2025-09-18 06:46:43.756240+00
5f5ffb95-ffd1-4a72-b247-998445646660,d9ef721c-fa47-4806-9bab-4c28d3b1f50f,d9fd706a-05fe-4cbf-aa17-ef87fba1bb1b,search_click,057a520b97294a06a8538476ebdfa1c9,"{""query"": ""wool Tailored Wool Coat formal luxury"", ""rank"": 4, ""device"": ""mobile""}",2025-09-18 06:46:54.756240+00
5ee2ab2c-3320-47b3-b350-dcde4827f2e4,d9ef721c-fa47-4806-9bab-4c28d3b1f50f,d9fd706a-05fe-4cbf-aa17-ef87fba1bb1b,view,057a520b97294a06a8538476ebdfa1c9,"{""referrer"": ""search"", ""dwell_sec"": 22}",2025-09-18 06:46:57.756240+00
9a9cb739-5236-4111-9e96-d8ccc0901303,d9ef721c-fa47-4806-9bab-4c28d3b1f50f,100a25a8-1074-4082-bf3e-619e6bf0ed06,search_click,057a520b97294a06a8538476ebdfa1c9,"{""query"": ""wool Tailored Wool Coat formal luxury"", ""rank"": 5, ""device"": ""mobile""}",2025-09-18 06:47:44.756240+00
1b197d70-f3cb-4d7f-a1e3-4b5c87fb5147,d9ef721c-fa47-4806-9bab-4c28d3b1f50f,100a25a8-1074-4082-bf3e-619e6bf0ed06,view,057a520b97294a06a8538476ebdfa1c9,"{""referrer"": ""search"", ""dwell_sec"": 50}",2025-09-18 06:47:57.756240+00
16ba307e-ca9d-4b5b-9b52-42393ae3b50d,d9ef721c-fa47-4806-9bab-4c28d3b1f50f,d9fd706a-05fe-4cbf-aa17-ef87fba1bb1b,search_click,10aa37b32b764624bef5f33e6048490e,"{""query"": ""layering winter luxury formal"", ""rank"": 1, ""device"": ""mobile""}",2025-09-30 01:45:54.756240+00
4f5553c3-6643-4477-808c-a175b3c52a6e,d9ef721c-fa47-4806-9bab-4c28d3b1f50f,d9fd706a-05fe-4cbf-aa17-ef87fba1bb1b,view,10aa37b32b764624bef5f33e6048490e,"{""referrer"": ""search"", ""dwell_sec"": 66}",2025-09-30 01:46:01.756240+00
bf110ca6-f3d8-4111-b7d3-109782b71b52,d9ef721c-fa47-4806-9bab-4c28d3b1f50f,d9fd706a-05fe-4cbf-aa17-ef87fba1bb1b,wishlist_add,10aa37b32b764624bef5f33e6048490e,{},2025-09-30 01:46:37.756240+00
2d9ee64a-34dc-4158-98b0-7c7c8c9873d3,d9ef721c-fa47-4806-9bab-4c28d3b1f50f,d9fd706a-05fe-4cbf-aa17-ef87fba1bb1b,add_to_cart,10aa37b32b764624bef5f33e6048490e,"{""variant_id"": ""36823b9c-0525-40aa-be51-e57a5bfb6cd1"", ""quantity"": 2}",2025-09-30 01:47:10.756240+00
3d47ea0b-f80f-4dff-8084-efacc641d06d,d9ef721c-fa47-4806-9bab-4c28d3b1f50f,d9fd706a-05fe-4cbf-aa17-ef87fba1bb1b,checkout_start,10aa37b32b764624bef5f33e6048490e,{},2025-09-30 01:47:36.756240+00
f8cdd456-819f-40b3-87fd-1f5c1a7d6e94,d9ef721c-fa47-4806-9bab-4c28d3b1f50f,7a199e8b-b8e1-46d2-beb8-99ba92f52dcd,search_click,6915549f77234501ba3686adcfe5c719,"{""query"": ""merino Merino Crewneck Sweater formal"", ""rank"": 1, ""device"": ""desktop""}",2025-08-29 07:29:54.756240+00
ae10650e-5fcc-4b8b-ad59-5fdcc3413481,d9ef721c-fa47-4806-9bab-4c28d3b1f50f,7a199e8b-b8e1-46d2-beb8-99ba92f52dcd,view,6915549f77234501ba3686adcfe5c719,"{""referrer"": ""search"", ""dwell_sec"": 18}",2025-08-29 07:29:57.756240+00
3ba15b29-f2b3-448d-87fe-96d00ccba109,d9ef721c-fa47-4806-9bab-4c28d3b1f50f,b6ce3169-694b-4c53-97e3-97364d3c6f4b,search_click,6915549f77234501ba3686adcfe5c719,"{""query"": ""merino Merino Crewneck Sweater formal"", ""rank"": 2, ""device"": ""desktop""}",2025-08-29 07:30:27.756240+00
b8a9ff50-e462-4c73-9a17-a0b563aa6288,d9ef721c-fa47-4806-9bab-4c28d3b1f50f,b6ce3169-694b-4c53-97e3-97364d3c6f4b,view,6915549f77234501ba3686adcfe5c719,"{""referrer"": ""search"", ""dwell_sec"": 76}",2025-08-29 07:30:31.756240+00
d8227dbb-e68b-4b10-9e84-3150ad453a43,d9ef721c-fa47-4806-9bab-4c28d3b1f50f,1d19f678-f760-4786-9b01-1fb8917f0220,search_click,6915549f77234501ba3686adcfe5c719,"{""query"": ""merino Merino Crewneck Sweater formal"", ""rank"": 3, ""device"": ""mobile""}",2025-08-29 07:31:11.756240+00
24f3208d-b559-4fc0-bdd3-ad6e38e3f0bf,d9ef721c-fa47-4806-9bab-4c28d3b1f50f,1d19f678-f760-4786-9b01-1fb8917f0220,view,6915549f77234501ba3686adcfe5c719,"{""referrer"": ""search"", ""dwell_sec"": 82}",2025-08-29 07:31:16.756240+00
23dfc786-e7cc-4c66-9a00-57c7e64a209a,d9ef721c-fa47-4806-9bab-4c28d3b1f50f,de2ff47e-217a-4f7d-be31-1b2a9926eda9,search_click,6915549f77234501ba3686adcfe5c719,"{""query"": ""merino Merino Crewneck Sweater formal"", ""rank"": 4, ""device"": ""desktop""}",2025-08-29 07:32:00.756240+00
ced9f6a5-e56d-4554-b413-70402bdf40ed,d9ef721c-fa47-4806-9bab-4c28d3b1f50f,de2ff47e-217a-4f7d-be31-1b2a9926eda9,view,6915549f77234501ba3686adcfe5c719,"{""referrer"": ""search"", ""dwell_sec"": 88}",2025-08-29 07:32:09.756240+00
e9698ff3-c065-4f18-8f49-6ce110e5dbb0,4cc5991b-ce3b-4cf7-bd9e-347abdeebd19,274fb507-6d75-46b0-87f5-8d873644c52c,search_click,e9825729352c4d5988ba7cdffb79d59e,"{""query"": ""Selvedge Denim Jeans sale casual"", ""rank"": 1, ""device"": ""mobile""}",2025-09-05 12:47:54.756240+00
1e7a73a7-0d2b-4fb4-885d-bb4fac331706,4cc5991b-ce3b-4cf7-bd9e-347abdeebd19,274fb507-6d75-46b0-87f5-8d873644c52c,view,e9825729352c4d5988ba7cdffb79d59e,"{""referrer"": ""search"", ""dwell_sec"": 10}",2025-09-05 12:48:10.756240+00
00fb7480-4a8d-455f-b5c7-a5c386bb0627,4cc5991b-ce3b-4cf7-bd9e-347abdeebd19,45e64d53-de11-4614-8e1b-3b16aac95357,search_click,e9825729352c4d5988ba7cdffb79d59e,"{""query"": ""Selvedge Denim Jeans sale casual"", ""rank"": 2, ""device"": ""mobile""}",2025-09-05 12:48:55.756240+00
22d27bff-0f2e-4f11-b52d-ecc3debefca6,4cc5991b-ce3b-4cf7-bd9e-347abdeebd19,45e64d53-de11-4614-8e1b-3b16aac95357,view,e9825729352c4d5988ba7cdffb79d59e,"{""referrer"": ""search"", ""dwell_sec"": 63}",2025-09-05 12:49:12.756240+00
92e7db3a-a751-4699-863c-7948d18bbce7,4cc5991b-ce3b-4cf7-bd9e-347abdeebd19,5adb709a-3442-4a19-88f1-9ad37b4012bd,search_click,e9825729352c4d5988ba7cdffb79d59e,"{""query"": ""Selvedge Denim Jeans sale casual"", ""rank"": 3, ""device"": ""mobile""}",2025-09-05 12:49:59.756240+00
99f78150-a01a-4b76-be23-b8096d8ba4af,4cc5991b-ce3b-4cf7-bd9e-347abdeebd19,5adb709a-3442-4a19-88f1-9ad37b4012bd,view,e9825729352c4d5988ba7cdffb79d59e,"{""referrer"": ""search"", ""dwell_sec"": 5}",2025-09-05 12:50:17.756240+00
9c9fd697-92a6-4a3f-b7ae-65e18ca2447b,4cc5991b-ce3b-4cf7-bd9e-347abdeebd19,a72d121a-7487-438d-b961-cbbf19626135,search_click,e9825729352c4d5988ba7cdffb79d59e,"{""query"": ""Selvedge Denim Jeans sale casual"", ""rank"": 4, ""device"": ""mobile""}",2025-09-05 12:50:55.756240+00
bac48337-7b05-4a7d-abdb-4f5859936d8f,4cc5991b-ce3b-4cf7-bd9e-347abdeebd19,a72d121a-7487-438d-b961-cbbf19626135,view,e9825729352c4d5988ba7cdffb79d59e,"{""referrer"": ""search"", ""dwell_sec"": 79}",2025-09-05 12:51:11.756240+00
0a67ab52-75e3-42f4-bedc-99972385e498,4cc5991b-ce3b-4cf7-bd9e-347abdeebd19,45e64d53-de11-4614-8e1b-3b16aac95357,add_to_cart,e9825729352c4d5988ba7cdffb79d59e,"{""variant_id"": ""28cc1e7c-af66-42b5-a860-2edf48220089"", ""quantity"": 1}",2025-09-05 12:51:46.756240+00
2655beee-3028-43b3-a37b-fa517e2d2c09,4cc5991b-ce3b-4cf7-bd9e-347abdeebd19,5adb709a-3442-4a19-88f1-9ad37b4012bd,search_click,f3eea37804524777ab49df868282f9d4,"{""query"": ""layering merino casual formal"", ""rank"": 1, ""device"": ""desktop""}",2025-09-20 12:14:54.756240+00
6de96377-2ed2-4d85-b7df-b8386de2b2e9,4cc5991b-ce3b-4cf7-bd9e-347abdeebd19,5adb709a-3442-4a19-88f1-9ad37b4012bd,view,f3eea37804524777ab49df868282f9d4,"{""referrer"": ""search"", ""dwell_sec"": 88}",2025-09-20 12:15:01.756240+00
325370a2-7c9f-433e-baf8-615260defc81,4cc5991b-ce3b-4cf7-bd9e-347abdeebd19,a31954ad-5c6c-4a28-9cb0-2c6c3dfe99cd,search_click,f3eea37804524777ab49df868282f9d4,"{""query"": ""layering merino casual formal"", ""rank"": 2, ""device"": ""desktop""}",2025-09-20 12:15:17.756240+00
11e925bd-c2c9-4fd3-8419-7c6ddd05b5b8,4cc5991b-ce3b-4cf7-bd9e-347abdeebd19,a31954ad-5c6c-4a28-9cb0-2c6c3dfe99cd,view,f3eea37804524777ab49df868282f9d4,"{""referrer"": ""search"", ""dwell_sec"": 50}",2025-09-20 12:15:23.756240+00
1eaf330c-0235-443c-bd8c-8851217065d4,4cc5991b-ce3b-4cf7-bd9e-347abdeebd19,60a51ad1-ba52-43e5-9218-54e27ca857e0,search_click,f3eea37804524777ab49df868282f9d4,"{""query"": ""layering merino casual formal"", ""rank"": 3, ""device"": ""desktop""}",2025-09-20 12:16:03.756240+00
da76e6cd-0c70-47f8-bc86-3db2603bad04,4cc5991b-ce3b-4cf7-bd9e-347abdeebd19,60a51ad1-ba52-43e5-9218-54e27ca857e0,view,f3eea37804524777ab49df868282f9d4,"{""referrer"": ""search"", ""dwell_sec"": 73}",2025-09-20 12:16:19.756240+00
93cd64ea-ea1d-4e1f-b18c-53f905e00fc5,4cc5991b-ce3b-4cf7-bd9e-347abdeebd19,a72d121a-7487-438d-b961-cbbf19626135,search_click,f3eea37804524777ab49df868282f9d4,"{""query"": ""layering merino casual formal"", ""rank"": 4, ""device"": ""desktop""}",2025-09-20 12:16:42.756240+00
1bb43215-1900-49c3-801a-a9d65dc2c58a,4cc5991b-ce3b-4cf7-bd9e-347abdeebd19,a72d121a-7487-438d-b961-cbbf19626135,view,f3eea37804524777ab49df868282f9d4,"{""referrer"": ""search"", ""dwell_sec"": 71}",2025-09-20 12:16:45.756240+00
8d04861c-c500-45b0-a625-814cdb6b81cb,4cc5991b-ce3b-4cf7-bd9e-347abdeebd19,274fb507-6d75-46b0-87f5-8d873644c52c,search_click,f3eea37804524777ab49df868282f9d4,"{""query"": ""layering merino casual formal"", ""rank"": 5, ""device"": ""mobile""}",2025-09-20 12:16:56.756240+00
ad6f1859-d902-4e81-a96a-502c811f9cd8,4cc5991b-ce3b-4cf7-bd9e-347abdeebd19,274fb507-6d75-46b0-87f5-8d873644c52c,view,f3eea37804524777ab49df868282f9d4,"{""referrer"": ""search"", ""dwell_sec"": 23}",2025-09-20 12:17:11.756240+00
71722861-bdd4-4fc9-8aea-097c0764b085,4cc5991b-ce3b-4cf7-bd9e-347abdeebd19,60a51ad1-ba52-43e5-9218-54e27ca857e0,add_to_cart,f3eea37804524777ab49df868282f9d4,"{""variant_id"": ""65f8e37b-f8a3-45aa-9094-9ce48c2d783d"", ""quantity"": 2}",2025-09-20 12:17:19.756240+00
90011c10-fa99-41f8-88ca-cbbd964b5d82,4cc5991b-ce3b-4cf7-bd9e-347abdeebd19,60a51ad1-ba52-43e5-9218-54e27ca857e0,checkout_start,f3eea37804524777ab49df868282f9d4,{},2025-09-20 12:17:42.756240+00
c9505c77-9e97-41b1-9096-0ac195cb67f6,4cc5991b-ce3b-4cf7-bd9e-347abdeebd19,979f809c-bc8f-4eec-89ce-de32b4175b32,search_click,3df68b2942f249c7b6896f1bffdc27c5,"{""query"": ""sale fall casual"", ""rank"": 1, ""device"": ""desktop""}",2025-10-04 09:15:54.756240+00
7a10b031-6df3-4156-a364-226e88f3bb73,4cc5991b-ce3b-4cf7-bd9e-347abdeebd19,979f809c-bc8f-4eec-89ce-de32b4175b32,view,3df68b2942f249c7b6896f1bffdc27c5,"{""referrer"": ""search"", ""dwell_sec"": 84}",2025-10-04 09:16:03.756240+00
c81a4691-eb2b-4b76-95d7-627a955da152,4cc5991b-ce3b-4cf7-bd9e-347abdeebd19,979f809c-bc8f-4eec-89ce-de32b4175b32,search_click,3df68b2942f249c7b6896f1bffdc27c5,"{""query"": ""sale fall casual"", ""rank"": 2, ""device"": ""desktop""}",2025-10-04 09:17:03.756240+00
2ac00a81-ac60-4ba6-9ba3-7cd66792a0d4,4cc5991b-ce3b-4cf7-bd9e-347abdeebd19,979f809c-bc8f-4eec-89ce-de32b4175b32,view,3df68b2942f249c7b6896f1bffdc27c5,"{""referrer"": ""search"", ""dwell_sec"": 86}",2025-10-04 09:17:13.756240+00
dff0ee6b-0979-4685-a73b-86814f743231,4cc5991b-ce3b-4cf7-bd9e-347abdeebd19,979f809c-bc8f-4eec-89ce-de32b4175b32,add_to_cart,3df68b2942f249c7b6896f1bffdc27c5,"{""variant_id"": ""a08e6120-aecf-47ac-b82a-3deeb3e190f1"", ""quantity"": 2}",2025-10-04 09:18:03.756240+00
480b5245-a0bf-4f3b-a861-798e84b1a807,4cc5991b-ce3b-4cf7-bd9e-347abdeebd19,979f809c-bc8f-4eec-89ce-de32b4175b32,checkout_start,3df68b2942f249c7b6896f1bffdc27c5,{},2025-10-04 09:18:19.756240+00
0697d3fa-6048-48fb-9f62-fd023d42aabe,4cc5991b-ce3b-4cf7-bd9e-347abdeebd19,1323fd17-1e4c-4b33-a1a9-6d1ef29bbb23,search_click,96fac57658014ea1b0fbd58dd3aed3ed,"{""query"": ""pleated formal summer"", ""rank"": 1, ""device"": ""mobile""}",2025-09-23 11:54:54.756240+00
8ee54eed-4d1b-4791-9093-1f4fe4b73359,4cc5991b-ce3b-4cf7-bd9e-347abdeebd19,1323fd17-1e4c-4b33-a1a9-6d1ef29bbb23,view,96fac57658014ea1b0fbd58dd3aed3ed,"{""referrer"": ""search"", ""dwell_sec"": 74}",2025-09-23 11:55:10.756240+00
879d6956-bca3-4568-af8f-1106f5a40ee3,4cc5991b-ce3b-4cf7-bd9e-347abdeebd19,a31954ad-5c6c-4a28-9cb0-2c6c3dfe99cd,search_click,96fac57658014ea1b0fbd58dd3aed3ed,"{""query"": ""pleated formal summer"", ""rank"": 2, ""device"": ""desktop""}",2025-09-23 11:55:49.756240+00
c4e902bc-bdd4-45e1-8447-cafefe170f55,4cc5991b-ce3b-4cf7-bd9e-347abdeebd19,a31954ad-5c6c-4a28-9cb0-2c6c3dfe99cd,view,96fac57658014ea1b0fbd58dd3aed3ed,"{""referrer"": ""search"", ""dwell_sec"": 49}",2025-09-23 11:55:54.756240+00
31565e5d-8d39-430b-93e3-53584135ec3a,4cc5991b-ce3b-4cf7-bd9e-347abdeebd19,274fb507-6d75-46b0-87f5-8d873644c52c,search_click,96fac57658014ea1b0fbd58dd3aed3ed,"{""query"": ""pleated formal summer"", ""rank"": 3, ""device"": ""mobile""}",2025-09-23 11:56:13.756240+00
cd5f3cd2-7be8-4fb1-a32c-973b5c9c6bc1,4cc5991b-ce3b-4cf7-bd9e-347abdeebd19,274fb507-6d75-46b0-87f5-8d873644c52c,view,96fac57658014ea1b0fbd58dd3aed3ed,"{""referrer"": ""search"", ""dwell_sec"": 47}",2025-09-23 11:56:26.756240+00
16984cc6-3222-41c4-a528-743454538837,4cc5991b-ce3b-4cf7-bd9e-347abdeebd19,d9fd706a-05fe-4cbf-aa17-ef87fba1bb1b,search_click,96fac57658014ea1b0fbd58dd3aed3ed,"{""query"": ""pleated formal summer"", ""rank"": 4, ""device"": ""desktop""}",2025-09-23 11:56:54.756240+00
5f6717ab-433b-4fc2-b3ac-8543b778a9f3,4cc5991b-ce3b-4cf7-bd9e-347abdeebd19,d9fd706a-05fe-4cbf-aa17-ef87fba1bb1b,view,96fac57658014ea1b0fbd58dd3aed3ed,"{""referrer"": ""search"", ""dwell_sec"": 84}",2025-09-23 11:57:03.756240+00
e9376d28-f1df-453a-814b-c5f48e867eb7,4cc5991b-ce3b-4cf7-bd9e-347abdeebd19,274fb507-6d75-46b0-87f5-8d873644c52c,search_click,96fac57658014ea1b0fbd58dd3aed3ed,"{""query"": ""pleated formal summer"", ""rank"": 5, ""device"": ""desktop""}",2025-09-23 11:57:41.756240+00
c345eaa5-9cb9-4296-969f-58ba812c5260,4cc5991b-ce3b-4cf7-bd9e-347abdeebd19,274fb507-6d75-46b0-87f5-8d873644c52c,view,96fac57658014ea1b0fbd58dd3aed3ed,"{""referrer"": ""search"", ""dwell_sec"": 19}",2025-09-23 11:57:44.756240+00
3048864b-0446-4e56-a361-67ba01f5af8c,4cc5991b-ce3b-4cf7-bd9e-347abdeebd19,a31954ad-5c6c-4a28-9cb0-2c6c3dfe99cd,wishlist_add,96fac57658014ea1b0fbd58dd3aed3ed,{},2025-09-23 11:58:31.756240+00
339b2d27-60c3-42ff-b470-326e28439e36,4cc5991b-ce3b-4cf7-bd9e-347abdeebd19,d9fd706a-05fe-4cbf-aa17-ef87fba1bb1b,add_to_cart,96fac57658014ea1b0fbd58dd3aed3ed,"{""variant_id"": ""36823b9c-0525-40aa-be51-e57a5bfb6cd1"", ""quantity"": 1}",2025-09-23 11:58:51.756240+00
0a497ebe-33a0-4de1-b434-02122cdc5754,4cc5991b-ce3b-4cf7-bd9e-347abdeebd19,1323fd17-1e4c-4b33-a1a9-6d1ef29bbb23,add_to_cart,96fac57658014ea1b0fbd58dd3aed3ed,"{""variant_id"": ""d6f2de85-9a6e-4aab-876d-10111f3178b7"", ""quantity"": 1}",2025-09-23 11:59:19.756240+00
015a6723-a6ad-4dbd-88f1-0ce32842cbc0,65c76353-4798-4dc3-930b-464c17672787,5adb709a-3442-4a19-88f1-9ad37b4012bd,search_click,de12c2bc2630442cbddd54dc6a0c613b,"{""query"": ""formal Tailored Navy Blazer travel"", ""rank"": 1, ""device"": ""desktop""}",2025-08-29 08:21:54.756240+00
dbd65319-ff7e-41ce-a0b0-f8c8d6ad66a2,65c76353-4798-4dc3-930b-464c17672787,5adb709a-3442-4a19-88f1-9ad37b4012bd,view,de12c2bc2630442cbddd54dc6a0c613b,"{""referrer"": ""search"", ""dwell_sec"": 54}",2025-08-29 08:22:10.756240+00
92581eec-5f82-4c81-8c3b-46c645ec09ae,65c76353-4798-4dc3-930b-464c17672787,b0925a87-018c-48ca-a1dd-fa67f1d7446a,search_click,de12c2bc2630442cbddd54dc6a0c613b,"{""query"": ""formal Tailored Navy Blazer travel"", ""rank"": 2, ""device"": ""desktop""}",2025-08-29 08:22:43.756240+00
19eb674b-bdda-4ccc-bff3-ff164792e988,65c76353-4798-4dc3-930b-464c17672787,b0925a87-018c-48ca-a1dd-fa67f1d7446a,view,de12c2bc2630442cbddd54dc6a0c613b,"{""referrer"": ""search"", ""dwell_sec"": 45}",2025-08-29 08:22:59.756240+00
9fff3cdf-eb44-43ab-86fe-8ba4a27f9307,65c76353-4798-4dc3-930b-464c17672787,b0925a87-018c-48ca-a1dd-fa67f1d7446a,search_click,60ccdd73ac4944158105203c2bbc472d,"{""query"": ""polarized Polarized Sunglasses travel streetwear"", ""rank"": 1, ""device"": ""mobile""}",2025-09-04 03:26:54.756240+00
76cd2b50-3178-4a5f-954e-636f1917689e,65c76353-4798-4dc3-930b-464c17672787,b0925a87-018c-48ca-a1dd-fa67f1d7446a,view,60ccdd73ac4944158105203c2bbc472d,"{""referrer"": ""search"", ""dwell_sec"": 20}",2025-09-04 03:27:01.756240+00
543cccfc-6c00-4f11-b185-cd279b8bb19e,65c76353-4798-4dc3-930b-464c17672787,7a199e8b-b8e1-46d2-beb8-99ba92f52dcd,search_click,60ccdd73ac4944158105203c2bbc472d,"{""query"": ""polarized Polarized Sunglasses travel streetwear"", ""rank"": 2, ""device"": ""mobile""}",2025-09-04 03:27:08.756240+00
2d9f3712-b4de-427a-a673-e8ebf2520b67,65c76353-4798-4dc3-930b-464c17672787,7a199e8b-b8e1-46d2-beb8-99ba92f52dcd,view,60ccdd73ac4944158105203c2bbc472d,"{""referrer"": ""search"", ""dwell_sec"": 73}",2025-09-04 03:27:23.756240+00
b513b073-565a-4172-a163-05f7e004e462,65c76353-4798-4dc3-930b-464c17672787,783a36aa-334d-4e88-88cf-65b04f6a0fc3,search_click,60ccdd73ac4944158105203c2bbc472d,"{""query"": ""polarized Polarized Sunglasses travel streetwear"", ""rank"": 3, ""device"": ""mobile""}",2025-09-04 03:28:03.756240+00
8e1b7163-1541-4787-bd5b-b17308a602aa,65c76353-4798-4dc3-930b-464c17672787,783a36aa-334d-4e88-88cf-65b04f6a0fc3,view,60ccdd73ac4944158105203c2bbc472d,"{""referrer"": ""search"", ""dwell_sec"": 31}",2025-09-04 03:28:15.756240+00
ea2f008d-1111-4af0-9547-e4c488d0c4ce,65c76353-4798-4dc3-930b-464c17672787,6d056ecb-5e47-44bb-b9ef-d33e87f98d96,search_click,60ccdd73ac4944158105203c2bbc472d,"{""query"": ""polarized Polarized Sunglasses travel streetwear"", ""rank"": 4, ""device"": ""desktop""}",2025-09-04 03:29:07.756240+00
912134d8-123c-4388-9cfc-dcd86ab0c0d1,65c76353-4798-4dc3-930b-464c17672787,6d056ecb-5e47-44bb-b9ef-d33e87f98d96,view,60ccdd73ac4944158105203c2bbc472d,"{""referrer"": ""search"", ""dwell_sec"": 57}",2025-09-04 03:29:16.756240+00
82db44de-d3cb-4764-8264-4386c438db6f,65c76353-4798-4dc3-930b-464c17672787,7a199e8b-b8e1-46d2-beb8-99ba92f52dcd,add_to_cart,60ccdd73ac4944158105203c2bbc472d,"{""variant_id"": ""89584e70-28c5-4717-9d91-e21b64675cc6"", ""quantity"": 1}",2025-09-04 03:30:02.756240+00
d13ba196-32ce-4fc0-9569-d93a0ac16018,65c76353-4798-4dc3-930b-464c17672787,7a199e8b-b8e1-46d2-beb8-99ba92f52dcd,checkout_start,60ccdd73ac4944158105203c2bbc472d,{},2025-09-04 03:30:43.756240+00
a7a9f8cc-ce6e-45ac-957a-34c3a2191b3e,65c76353-4798-4dc3-930b-464c17672787,1d19f678-f760-4786-9b01-1fb8917f0220,search_click,54da068262e742bf81d379fecd6b1fc1,"{""query"": ""office formal travel streetwear"", ""rank"": 1, ""device"": ""mobile""}",2025-10-06 21:04:54.756240+00
c33c6bb4-b2fc-400e-8818-4f7f17f177d8,65c76353-4798-4dc3-930b-464c17672787,1d19f678-f760-4786-9b01-1fb8917f0220,view,54da068262e742bf81d379fecd6b1fc1,"{""referrer"": ""search"", ""dwell_sec"": 45}",2025-10-06 21:04:57.756240+00
0efe5a66-a089-4c84-8558-daf60ed0f28a,65c76353-4798-4dc3-930b-464c17672787,5adb709a-3442-4a19-88f1-9ad37b4012bd,search_click,54da068262e742bf81d379fecd6b1fc1,"{""query"": ""office formal travel streetwear"", ""rank"": 2, ""device"": ""mobile""}",2025-10-06 21:05:17.756240+00
c2487c90-3090-4fa4-a6bb-522ce5488dde,65c76353-4798-4dc3-930b-464c17672787,5adb709a-3442-4a19-88f1-9ad37b4012bd,view,54da068262e742bf81d379fecd6b1fc1,"{""referrer"": ""search"", ""dwell_sec"": 40}",2025-10-06 21:05:33.756240+00
7a3f42a9-80ba-4b9d-99d9-9240fd0e29f3,65c76353-4798-4dc3-930b-464c17672787,a31954ad-5c6c-4a28-9cb0-2c6c3dfe99cd,search_click,54da068262e742bf81d379fecd6b1fc1,"{""query"": ""office formal travel streetwear"", ""rank"": 3, ""device"": ""desktop""}",2025-10-06 21:06:31.756240+00
57adb043-87cd-48ee-aef6-72d4517900d0,65c76353-4798-4dc3-930b-464c17672787,a31954ad-5c6c-4a28-9cb0-2c6c3dfe99cd,view,54da068262e742bf81d379fecd6b1fc1,"{""referrer"": ""search"", ""dwell_sec"": 47}",2025-10-06 21:06:38.756240+00
57da1736-4205-4194-a244-7b9141bd2b7a,65c76353-4798-4dc3-930b-464c17672787,cd548d76-1702-4cf5-a5d1-c2101fac11f2,search_click,54da068262e742bf81d379fecd6b1fc1,"{""query"": ""office formal travel streetwear"", ""rank"": 4, ""device"": ""desktop""}",2025-10-06 21:07:13.756240+00
5c60d336-514f-4f0c-9b38-fb02eae1990c,65c76353-4798-4dc3-930b-464c17672787,cd548d76-1702-4cf5-a5d1-c2101fac11f2,view,54da068262e742bf81d379fecd6b1fc1,"{""referrer"": ""search"", ""dwell_sec"": 50}",2025-10-06 21:07:30.756240+00
a6110b95-088e-4be2-bc48-686a6ce78e5d,65c76353-4798-4dc3-930b-464c17672787,1d19f678-f760-4786-9b01-1fb8917f0220,wishlist_add,54da068262e742bf81d379fecd6b1fc1,{},2025-10-06 21:08:24.756240+00
e965f97b-2fd3-4c37-a3e8-749953b6088f,291dd9ff-830c-404a-932c-b7bf4afbc6a7,783a36aa-334d-4e88-88cf-65b04f6a0fc3,search_click,8ab534fe6c3c4480a7ef208848585e75,"{""query"": ""classic casual everyday winter"", ""rank"": 1, ""device"": ""mobile""}",2025-08-22 10:57:54.756240+00
7d0dad0f-4be8-45b3-bc2f-d637ab85eb9f,291dd9ff-830c-404a-932c-b7bf4afbc6a7,783a36aa-334d-4e88-88cf-65b04f6a0fc3,view,8ab534fe6c3c4480a7ef208848585e75,"{""referrer"": ""search"", ""dwell_sec"": 50}",2025-08-22 10:58:12.756240+00
f0e843dd-8586-4ac0-95be-b082b92071dd,291dd9ff-830c-404a-932c-b7bf4afbc6a7,a72d121a-7487-438d-b961-cbbf19626135,search_click,8ab534fe6c3c4480a7ef208848585e75,"{""query"": ""classic casual everyday winter"", ""rank"": 2, ""device"": ""mobile""}",2025-08-22 10:58:19.756240+00
1108eb86-4c02-4a9b-a4fb-d83032f9c0b5,291dd9ff-830c-404a-932c-b7bf4afbc6a7,a72d121a-7487-438d-b961-cbbf19626135,view,8ab534fe6c3c4480a7ef208848585e75,"{""referrer"": ""search"", ""dwell_sec"": 34}",2025-08-22 10:58:37.756240+00
6ff22e1c-7c48-42cd-99d9-744cb4102dda,291dd9ff-830c-404a-932c-b7bf4afbc6a7,4b118e6e-16fe-4b89-b29c-17edd6303d62,search_click,8ab534fe6c3c4480a7ef208848585e75,"{""query"": ""classic casual everyday winter"", ""rank"": 3, ""device"": ""desktop""}",2025-08-22 10:58:46.756240+00
d97ec021-9e56-478a-af4f-359d8e81b28b,291dd9ff-830c-404a-932c-b7bf4afbc6a7,4b118e6e-16fe-4b89-b29c-17edd6303d62,view,8ab534fe6c3c4480a7ef208848585e75,"{""referrer"": ""search"", ""dwell_sec"": 34}",2025-08-22 10:59:00.756240+00
21a2a6b1-da85-4c20-beb8-60878bf93cbe,291dd9ff-830c-404a-932c-b7bf4afbc6a7,4f37e0ee-e916-47ea-affc-4d01665bb2db,search_click,8ab534fe6c3c4480a7ef208848585e75,"{""query"": ""classic casual everyday winter"", ""rank"": 4, ""device"": ""mobile""}",2025-08-22 10:59:07.756240+00
3128bbac-b8cf-4947-a0b2-e22094502e27,291dd9ff-830c-404a-932c-b7bf4afbc6a7,4f37e0ee-e916-47ea-affc-4d01665bb2db,view,8ab534fe6c3c4480a7ef208848585e75,"{""referrer"": ""search"", ""dwell_sec"": 54}",2025-08-22 10:59:21.756240+00
947c52a7-64ab-4f96-8bd4-b9979154d9a5,291dd9ff-830c-404a-932c-b7bf4afbc6a7,aa9058c2-3702-4840-909d-4536f8ef27e7,search_click,8ab534fe6c3c4480a7ef208848585e75,"{""query"": ""classic casual everyday winter"", ""rank"": 5, ""device"": ""desktop""}",2025-08-22 10:59:56.756240+00
b1c76b0f-28d0-442d-b51f-5813ca1cdcac,291dd9ff-830c-404a-932c-b7bf4afbc6a7,aa9058c2-3702-4840-909d-4536f8ef27e7,view,8ab534fe6c3c4480a7ef208848585e75,"{""referrer"": ""search"", ""dwell_sec"": 10}",2025-08-22 11:00:00.756240+00
a2fe8763-dea3-4a3d-b2a2-308d730deb42,291dd9ff-830c-404a-932c-b7bf4afbc6a7,6d056ecb-5e47-44bb-b9ef-d33e87f98d96,search_click,8ab534fe6c3c4480a7ef208848585e75,"{""query"": ""classic casual everyday winter"", ""rank"": 6, ""device"": ""desktop""}",2025-08-22 11:00:46.756240+00
ddf6a3fb-c403-477e-b571-6cff21fe686c,291dd9ff-830c-404a-932c-b7bf4afbc6a7,6d056ecb-5e47-44bb-b9ef-d33e87f98d96,view,8ab534fe6c3c4480a7ef208848585e75,"{""referrer"": ""search"", ""dwell_sec"": 71}",2025-08-22 11:00:52.756240+00
e0e4c585-735c-4cc9-9d3b-beedf2897694,291dd9ff-830c-404a-932c-b7bf4afbc6a7,aa9058c2-3702-4840-909d-4536f8ef27e7,add_to_cart,8ab534fe6c3c4480a7ef208848585e75,"{""variant_id"": ""ef0b69db-be9f-4fbb-be5d-c1e8b694b785"", ""quantity"": 1}",2025-08-22 11:01:37.756240+00
2f2bc93a-bcc5-4775-bebc-eed8f5b8550f,291dd9ff-830c-404a-932c-b7bf4afbc6a7,6d056ecb-5e47-44bb-b9ef-d33e87f98d96,add_to_cart,8ab534fe6c3c4480a7ef208848585e75,"{""variant_id"": ""78f495d4-109a-4d87-9e88-202641f031d5"", ""quantity"": 1}",2025-08-22 11:02:19.756240+00
306d9dc1-d643-4547-bb89-d71980fe97dc,291dd9ff-830c-404a-932c-b7bf4afbc6a7,b0925a87-018c-48ca-a1dd-fa67f1d7446a,search_click,cd6b0ee91a6a4eef886235c2f552306b,"{""query"": ""gift Cashmere Scarf winter"", ""rank"": 1, ""device"": ""desktop""}",2025-09-18 17:39:54.756240+00
2e78b9d7-ac12-4633-a8a5-f9968fc7a59c,291dd9ff-830c-404a-932c-b7bf4afbc6a7,b0925a87-018c-48ca-a1dd-fa67f1d7446a,view,cd6b0ee91a6a4eef886235c2f552306b,"{""referrer"": ""search"", ""dwell_sec"": 80}",2025-09-18 17:40:03.756240+00
168c11db-446e-4648-b42d-be37cdfa8747,291dd9ff-830c-404a-932c-b7bf4afbc6a7,783a36aa-334d-4e88-88cf-65b04f6a0fc3,search_click,cd6b0ee91a6a4eef886235c2f552306b,"{""query"": ""gift Cashmere Scarf winter"", ""rank"": 2, ""device"": ""desktop""}",2025-09-18 17:40:18.756240+00
d8cdedcc-3c93-4941-9fa6-b834792007f1,291dd9ff-830c-404a-932c-b7bf4afbc6a7,783a36aa-334d-4e88-88cf-65b04f6a0fc3,view,cd6b0ee91a6a4eef886235c2f552306b,"{""referrer"": ""search"", ""dwell_sec"": 36}",2025-09-18 17:40:21.756240+00
af4e81a8-9f27-4f1c-9116-f29aaa080a2d,291dd9ff-830c-404a-932c-b7bf4afbc6a7,274fb507-6d75-46b0-87f5-8d873644c52c,search_click,cd6b0ee91a6a4eef886235c2f552306b,"{""query"": ""gift Cashmere Scarf winter"", ""rank"": 3, ""device"": ""mobile""}",2025-09-18 17:40:28.756240+00
25a419a5-7d94-4b84-8eba-e9fba2cce920,291dd9ff-830c-404a-932c-b7bf4afbc6a7,274fb507-6d75-46b0-87f5-8d873644c52c,view,cd6b0ee91a6a4eef886235c2f552306b,"{""referrer"": ""search"", ""dwell_sec"": 22}",2025-09-18 17:40:36.756240+00
623ad19e-bdcc-478e-9a57-c95d125e9e6e,291dd9ff-830c-404a-932c-b7bf4afbc6a7,b0925a87-018c-48ca-a1dd-fa67f1d7446a,add_to_cart,cd6b0ee91a6a4eef886235c2f552306b,"{""variant_id"": ""a730fe49-722d-461a-8290-bb61d5823708"", ""quantity"": 1}",2025-09-18 17:41:21.756240+00
06b674b2-14ec-42d8-9354-567aa7597950,291dd9ff-830c-404a-932c-b7bf4afbc6a7,b6ce3169-694b-4c53-97e3-97364d3c6f4b,search_click,daae0f0f55bc418ab3e216d153425029,"{""query"": ""statement Statement Hoop Earrings winter"", ""rank"": 1, ""device"": ""desktop""}",2025-09-01 04:14:54.756240+00
d9a48039-3225-47d8-bbf2-216144393ac9,291dd9ff-830c-404a-932c-b7bf4afbc6a7,b6ce3169-694b-4c53-97e3-97364d3c6f4b,view,daae0f0f55bc418ab3e216d153425029,"{""referrer"": ""search"", ""dwell_sec"": 82}",2025-09-01 04:15:01.756240+00
1a5f53bf-5e50-49ff-9669-5e9d6edb7f8d,291dd9ff-830c-404a-932c-b7bf4afbc6a7,b0925a87-018c-48ca-a1dd-fa67f1d7446a,search_click,daae0f0f55bc418ab3e216d153425029,"{""query"": ""statement Statement Hoop Earrings winter"", ""rank"": 2, ""device"": ""mobile""}",2025-09-01 04:15:12.756240+00
bd6168f6-6e7a-48ff-b699-f540249f177d,291dd9ff-830c-404a-932c-b7bf4afbc6a7,b0925a87-018c-48ca-a1dd-fa67f1d7446a,view,daae0f0f55bc418ab3e216d153425029,"{""referrer"": ""search"", ""dwell_sec"": 83}",2025-09-01 04:15:30.756240+00
b7b9a3b6-a8c2-49da-951e-aca68edbe019,291dd9ff-830c-404a-932c-b7bf4afbc6a7,b0925a87-018c-48ca-a1dd-fa67f1d7446a,search_click,daae0f0f55bc418ab3e216d153425029,"{""query"": ""statement Statement Hoop Earrings winter"", ""rank"": 3, ""device"": ""mobile""}",2025-09-01 04:16:13.756240+00
0b3041eb-0db9-4396-85bd-d00d51f2994e,291dd9ff-830c-404a-932c-b7bf4afbc6a7,b0925a87-018c-48ca-a1dd-fa67f1d7446a,view,daae0f0f55bc418ab3e216d153425029,"{""referrer"": ""search"", ""dwell_sec"": 16}",2025-09-01 04:16:19.756240+00
ece6dcf6-6fc3-4317-b262-e2ea2ababf9e,291dd9ff-830c-404a-932c-b7bf4afbc6a7,b6ce3169-694b-4c53-97e3-97364d3c6f4b,search_click,daae0f0f55bc418ab3e216d153425029,"{""query"": ""statement Statement Hoop Earrings winter"", ""rank"": 4, ""device"": ""mobile""}",2025-09-01 04:16:54.756240+00
e6f0ace1-bc9a-4348-8983-ca0ac19b4912,291dd9ff-830c-404a-932c-b7bf4afbc6a7,b6ce3169-694b-4c53-97e3-97364d3c6f4b,view,daae0f0f55bc418ab3e216d153425029,"{""referrer"": ""search"", ""dwell_sec"": 88}",2025-09-01 04:16:57.756240+00
e5dfc10c-ac57-4c85-a177-4a1cd32fef6f,291dd9ff-830c-404a-932c-b7bf4afbc6a7,b6ce3169-694b-4c53-97e3-97364d3c6f4b,add_to_cart,daae0f0f55bc418ab3e216d153425029,"{""variant_id"": ""f831dfaa-252d-49cd-9359-0e041067c2a7"", ""quantity"": 1}",2025-09-01 04:17:29.756240+00
8146be95-3a22-4e7f-a03a-ae8fe50438fc,291dd9ff-830c-404a-932c-b7bf4afbc6a7,b6ce3169-694b-4c53-97e3-97364d3c6f4b,checkout_start,daae0f0f55bc418ab3e216d153425029,{},2025-09-01 04:17:56.756240+00
26c49a0b-d85b-4778-9b23-2c2324946d5d,291dd9ff-830c-404a-932c-b7bf4afbc6a7,100a25a8-1074-4082-bf3e-619e6bf0ed06,search_click,865e74108384431592b642b25838e16b,"{""query"": ""polarized summer everyday workwear"", ""rank"": 1, ""device"": ""desktop""}",2025-08-22 21:12:54.756240+00
592ded32-7831-4219-aa12-ec4a6d8e2538,291dd9ff-830c-404a-932c-b7bf4afbc6a7,100a25a8-1074-4082-bf3e-619e6bf0ed06,view,865e74108384431592b642b25838e16b,"{""referrer"": ""search"", ""dwell_sec"": 38}",2025-08-22 21:13:05.756240+00
0a0e9627-88fe-439f-8c9b-39b5f17bfc4c,291dd9ff-830c-404a-932c-b7bf4afbc6a7,1d19f678-f760-4786-9b01-1fb8917f0220,search_click,865e74108384431592b642b25838e16b,"{""query"": ""polarized summer everyday workwear"", ""rank"": 2, ""device"": ""desktop""}",2025-08-22 21:14:04.756240+00
f92fbd1d-1fde-43a4-b80d-552d4b82b1d2,291dd9ff-830c-404a-932c-b7bf4afbc6a7,1d19f678-f760-4786-9b01-1fb8917f0220,view,865e74108384431592b642b25838e16b,"{""referrer"": ""search"", ""dwell_sec"": 83}",2025-08-22 21:14:18.756240+00
dbfaf6cf-b48f-416f-b51e-4e7b2ef65bf7,291dd9ff-830c-404a-932c-b7bf4afbc6a7,1d19f678-f760-4786-9b01-1fb8917f0220,add_to_cart,865e74108384431592b642b25838e16b,"{""variant_id"": ""768d7e3e-b30a-4302-b609-2e9c40a7b450"", ""quantity"": 1}",2025-08-22 21:14:40.756240+00
5763edea-bddf-4bb3-8554-d4a9049bcf64,291dd9ff-830c-404a-932c-b7bf4afbc6a7,1d19f678-f760-4786-9b01-1fb8917f0220,checkout_start,865e74108384431592b642b25838e16b,{},2025-08-22 21:15:20.756240+00
8a695bab-8dd2-423d-92c8-443bddcfa325,291dd9ff-830c-404a-932c-b7bf4afbc6a7,783a36aa-334d-4e88-88cf-65b04f6a0fc3,search_click,72731ce47a5e4dc8b43aff742e10e39c,"{""query"": ""jewelry Statement Hoop Earrings winter"", ""rank"": 1, ""device"": ""desktop""}",2025-08-22 06:45:54.756240+00
faa5e2c5-fb61-4362-a40b-e57cd4b069c8,291dd9ff-830c-404a-932c-b7bf4afbc6a7,783a36aa-334d-4e88-88cf-65b04f6a0fc3,view,72731ce47a5e4dc8b43aff742e10e39c,"{""referrer"": ""search"", ""dwell_sec"": 16}",2025-08-22 06:46:10.756240+00
3f6bc823-2727-4557-abf5-d211a28e3121,291dd9ff-830c-404a-932c-b7bf4afbc6a7,7a199e8b-b8e1-46d2-beb8-99ba92f52dcd,search_click,72731ce47a5e4dc8b43aff742e10e39c,"{""query"": ""jewelry Statement Hoop Earrings winter"", ""rank"": 2, ""device"": ""desktop""}",2025-08-22 06:46:19.756240+00
d5d09a2f-a2c0-4194-baa3-ef74e79ab235,291dd9ff-830c-404a-932c-b7bf4afbc6a7,7a199e8b-b8e1-46d2-beb8-99ba92f52dcd,view,72731ce47a5e4dc8b43aff742e10e39c,"{""referrer"": ""search"", ""dwell_sec"": 52}",2025-08-22 06:46:29.756240+00
4c45ef1c-db09-496e-b4b3-e90df6f4b5a8,291dd9ff-830c-404a-932c-b7bf4afbc6a7,b0925a87-018c-48ca-a1dd-fa67f1d7446a,search_click,72731ce47a5e4dc8b43aff742e10e39c,"{""query"": ""jewelry Statement Hoop Earrings winter"", ""rank"": 3, ""device"": ""mobile""}",2025-08-22 06:46:39.756240+00
15c68a94-0a1f-4817-8b28-e2401542b531,291dd9ff-830c-404a-932c-b7bf4afbc6a7,b0925a87-018c-48ca-a1dd-fa67f1d7446a,view,72731ce47a5e4dc8b43aff742e10e39c,"{""referrer"": ""search"", ""dwell_sec"": 56}",2025-08-22 06:46:54.756240+00
2020b263-2f33-4a38-802a-44a243e1dd8d,291dd9ff-830c-404a-932c-b7bf4afbc6a7,1d19f678-f760-4786-9b01-1fb8917f0220,search_click,72731ce47a5e4dc8b43aff742e10e39c,"{""query"": ""jewelry Statement Hoop Earrings winter"", ""rank"": 4, ""device"": ""desktop""}",2025-08-22 06:47:38.756240+00
1c91601e-8b45-4763-bbf2-61a1c60f1186,291dd9ff-830c-404a-932c-b7bf4afbc6a7,1d19f678-f760-4786-9b01-1fb8917f0220,view,72731ce47a5e4dc8b43aff742e10e39c,"{""referrer"": ""search"", ""dwell_sec"": 27}",2025-08-22 06:47:42.756240+00
fadb8b43-2fcc-424f-b6bb-0acf010ae5b4,291dd9ff-830c-404a-932c-b7bf4afbc6a7,783a36aa-334d-4e88-88cf-65b04f6a0fc3,add_to_cart,72731ce47a5e4dc8b43aff742e10e39c,"{""variant_id"": ""1e9df4f6-1130-472b-b946-bfb2d57a399e"", ""quantity"": 1}",2025-08-22 06:48:27.756240+00
a3a7ff7b-98ba-4f9b-ae1a-2512f215d9b5,291dd9ff-830c-404a-932c-b7bf4afbc6a7,783a36aa-334d-4e88-88cf-65b04f6a0fc3,checkout_start,72731ce47a5e4dc8b43aff742e10e39c,{},2025-08-22 06:48:34.756240+00
7942c962-6bb0-429d-aad6-e8d0b2f433c0,6f28061d-732b-4a6a-8acb-fca7f665b58e,a31954ad-5c6c-4a28-9cb0-2c6c3dfe99cd,search_click,da015c11fdec43a78a7c0e97f8234afd,"{""query"": ""leather classic casual winter"", ""rank"": 1, ""device"": ""mobile""}",2025-09-18 20:56:54.756240+00
d76b6701-d1bf-4732-b6e1-8a9a5bc4529e,6f28061d-732b-4a6a-8acb-fca7f665b58e,a31954ad-5c6c-4a28-9cb0-2c6c3dfe99cd,view,da015c11fdec43a78a7c0e97f8234afd,"{""referrer"": ""search"", ""dwell_sec"": 63}",2025-09-18 20:57:07.756240+00
13e44f58-3572-4371-9d19-82a108e18f2b,6f28061d-732b-4a6a-8acb-fca7f665b58e,7a199e8b-b8e1-46d2-beb8-99ba92f52dcd,search_click,da015c11fdec43a78a7c0e97f8234afd,"{""query"": ""leather classic casual winter"", ""rank"": 2, ""device"": ""desktop""}",2025-09-18 20:57:55.756240+00
f2540b43-240d-4c94-8a0d-e30cff946ce1,6f28061d-732b-4a6a-8acb-fca7f665b58e,7a199e8b-b8e1-46d2-beb8-99ba92f52dcd,view,da015c11fdec43a78a7c0e97f8234afd,"{""referrer"": ""search"", ""dwell_sec"": 66}",2025-09-18 20:57:58.756240+00
38f982ce-474f-4395-9f6e-dd4816b54abc,6f28061d-732b-4a6a-8acb-fca7f665b58e,7a199e8b-b8e1-46d2-beb8-99ba92f52dcd,search_click,da015c11fdec43a78a7c0e97f8234afd,"{""query"": ""leather classic casual winter"", ""rank"": 3, ""device"": ""desktop""}",2025-09-18 20:58:10.756240+00
d9ebd98f-5b9e-4590-aa16-9dbd36ca396e,6f28061d-732b-4a6a-8acb-fca7f665b58e,7a199e8b-b8e1-46d2-beb8-99ba92f52dcd,view,da015c11fdec43a78a7c0e97f8234afd,"{""referrer"": ""search"", ""dwell_sec"": 53}",2025-09-18 20:58:15.756240+00
26051b0a-5c33-409e-b9c6-145fb62c1be7,6f28061d-732b-4a6a-8acb-fca7f665b58e,5adb709a-3442-4a19-88f1-9ad37b4012bd,search_click,da015c11fdec43a78a7c0e97f8234afd,"{""query"": ""leather classic casual winter"", ""rank"": 4, ""device"": ""mobile""}",2025-09-18 20:59:00.756240+00
07886ffd-b5f5-4cdd-9bc8-4ae331a10916,6f28061d-732b-4a6a-8acb-fca7f665b58e,5adb709a-3442-4a19-88f1-9ad37b4012bd,view,da015c11fdec43a78a7c0e97f8234afd,"{""referrer"": ""search"", ""dwell_sec"": 45}",2025-09-18 20:59:10.756240+00
acf543a1-f9fd-4795-934d-ff66982bee82,6f28061d-732b-4a6a-8acb-fca7f665b58e,7a199e8b-b8e1-46d2-beb8-99ba92f52dcd,add_to_cart,da015c11fdec43a78a7c0e97f8234afd,"{""variant_id"": ""0b0e0353-5106-4d51-8a50-6f4b5136b34f"", ""quantity"": 1}",2025-09-18 20:59:41.756240+00
360117ee-1908-428d-b43d-70750f11b43e,6f28061d-732b-4a6a-8acb-fca7f665b58e,7a199e8b-b8e1-46d2-beb8-99ba92f52dcd,abandon_cart,da015c11fdec43a78a7c0e97f8234afd,{},2025-09-18 21:00:07.756240+00
faf145cd-3865-48bc-9e29-4c756a688a06,6f28061d-732b-4a6a-8acb-fca7f665b58e,4b118e6e-16fe-4b89-b29c-17edd6303d62,search_click,69c002c309164d32b05e13fda82fa32a,"{""query"": ""office classic casual"", ""rank"": 1, ""device"": ""desktop""}",2025-09-10 18:48:54.756240+00
40551db3-5ac3-407d-9e2f-d5ce9bb8423f,6f28061d-732b-4a6a-8acb-fca7f665b58e,4b118e6e-16fe-4b89-b29c-17edd6303d62,view,69c002c309164d32b05e13fda82fa32a,"{""referrer"": ""search"", ""dwell_sec"": 74}",2025-09-10 18:48:57.756240+00
42f1b043-1869-49f0-9326-29895576b7c8,6f28061d-732b-4a6a-8acb-fca7f665b58e,a72d121a-7487-438d-b961-cbbf19626135,search_click,69c002c309164d32b05e13fda82fa32a,"{""query"": ""office classic casual"", ""rank"": 2, ""device"": ""desktop""}",2025-09-10 18:49:04.756240+00
056f3fbc-f2eb-470f-8362-0aa9d20dff88,6f28061d-732b-4a6a-8acb-fca7f665b58e,a72d121a-7487-438d-b961-cbbf19626135,view,69c002c309164d32b05e13fda82fa32a,"{""referrer"": ""search"", ""dwell_sec"": 84}",2025-09-10 18:49:18.756240+00
b86f3868-029d-4c09-8633-6523e79c00d9,6f28061d-732b-4a6a-8acb-fca7f665b58e,b6ce3169-694b-4c53-97e3-97364d3c6f4b,search_click,69c002c309164d32b05e13fda82fa32a,"{""query"": ""office classic casual"", ""rank"": 3, ""device"": ""desktop""}",2025-09-10 18:49:43.756240+00
9e67958d-2949-450b-83ed-58a237c69215,6f28061d-732b-4a6a-8acb-fca7f665b58e,b6ce3169-694b-4c53-97e3-97364d3c6f4b,view,69c002c309164d32b05e13fda82fa32a,"{""referrer"": ""search"", ""dwell_sec"": 67}",2025-09-10 18:49:54.756240+00
a8c577b8-445c-4a60-8f70-1ab377ea6662,6f28061d-732b-4a6a-8acb-fca7f665b58e,7a199e8b-b8e1-46d2-beb8-99ba92f52dcd,search_click,69c002c309164d32b05e13fda82fa32a,"{""query"": ""office classic casual"", ""rank"": 4, ""device"": ""desktop""}",2025-09-10 18:50:10.756240+00
ce9194b6-c3d0-4677-9486-8e0fd720beb1,6f28061d-732b-4a6a-8acb-fca7f665b58e,7a199e8b-b8e1-46d2-beb8-99ba92f52dcd,view,69c002c309164d32b05e13fda82fa32a,"{""referrer"": ""search"", ""dwell_sec"": 33}",2025-09-10 18:50:25.756240+00
7b65790c-a388-4f8c-b4d1-63af46b210c9,6f28061d-732b-4a6a-8acb-fca7f665b58e,7a199e8b-b8e1-46d2-beb8-99ba92f52dcd,add_to_cart,69c002c309164d32b05e13fda82fa32a,"{""variant_id"": ""89584e70-28c5-4717-9d91-e21b64675cc6"", ""quantity"": 1}",2025-09-10 18:51:18.756240+00
1cac731c-5361-4f3f-bcd8-296a8fc7938e,6f28061d-732b-4a6a-8acb-fca7f665b58e,b6ce3169-694b-4c53-97e3-97364d3c6f4b,add_to_cart,69c002c309164d32b05e13fda82fa32a,"{""variant_id"": ""3cf62b7f-903d-478b-9456-e4a2fc5e9ed8"", ""quantity"": 1}",2025-09-10 18:51:34.756240+00
edbd6c99-5905-437a-91bb-e88eb1df5f2a,6f28061d-732b-4a6a-8acb-fca7f665b58e,7a199e8b-b8e1-46d2-beb8-99ba92f52dcd,checkout_start,69c002c309164d32b05e13fda82fa32a,{},2025-09-10 18:51:59.756240+00
33b1208c-18a0-430c-8238-ed2bfd03acb7,6f28061d-732b-4a6a-8acb-fca7f665b58e,d9fd706a-05fe-4cbf-aa17-ef87fba1bb1b,search_click,19b7bc2b3c124296abbba9a9dabfd16d,"{""query"": ""minimalist leather winter luxury"", ""rank"": 1, ""device"": ""desktop""}",2025-10-04 18:47:54.756240+00
89bde9c8-b8c8-4158-875f-da0841cc7c3d,6f28061d-732b-4a6a-8acb-fca7f665b58e,d9fd706a-05fe-4cbf-aa17-ef87fba1bb1b,view,19b7bc2b3c124296abbba9a9dabfd16d,"{""referrer"": ""search"", ""dwell_sec"": 23}",2025-10-04 18:48:03.756240+00
21ab2dca-9f0d-4742-bf75-685c36090b55,6f28061d-732b-4a6a-8acb-fca7f665b58e,6d056ecb-5e47-44bb-b9ef-d33e87f98d96,search_click,19b7bc2b3c124296abbba9a9dabfd16d,"{""query"": ""minimalist leather winter luxury"", ""rank"": 2, ""device"": ""mobile""}",2025-10-04 18:48:59.756240+00
f3d75d55-2d95-401b-87c9-86818e5da214,6f28061d-732b-4a6a-8acb-fca7f665b58e,6d056ecb-5e47-44bb-b9ef-d33e87f98d96,view,19b7bc2b3c124296abbba9a9dabfd16d,"{""referrer"": ""search"", ""dwell_sec"": 6}",2025-10-04 18:49:17.756240+00
3c4a7274-079c-4fd9-9d27-947507f3284e,6f28061d-732b-4a6a-8acb-fca7f665b58e,aa9058c2-3702-4840-909d-4536f8ef27e7,search_click,19b7bc2b3c124296abbba9a9dabfd16d,"{""query"": ""minimalist leather winter luxury"", ""rank"": 3, ""device"": ""desktop""}",2025-10-04 18:49:33.756240+00
ab2d2dce-ce22-4680-8952-3104f3a26d19,6f28061d-732b-4a6a-8acb-fca7f665b58e,aa9058c2-3702-4840-909d-4536f8ef27e7,view,19b7bc2b3c124296abbba9a9dabfd16d,"{""referrer"": ""search"", ""dwell_sec"": 22}",2025-10-04 18:49:51.756240+00
097318af-cd8c-46db-a6e1-4dbd529aed37,6f28061d-732b-4a6a-8acb-fca7f665b58e,5adb709a-3442-4a19-88f1-9ad37b4012bd,search_click,19b7bc2b3c124296abbba9a9dabfd16d,"{""query"": ""minimalist leather winter luxury"", ""rank"": 4, ""device"": ""desktop""}",2025-10-04 18:50:50.756240+00
6ae49083-44b0-48f1-a5d7-df9b875a304f,6f28061d-732b-4a6a-8acb-fca7f665b58e,5adb709a-3442-4a19-88f1-9ad37b4012bd,view,19b7bc2b3c124296abbba9a9dabfd16d,"{""referrer"": ""search"", ""dwell_sec"": 43}",2025-10-04 18:51:08.756240+00
328785fe-46ef-4fd3-b0da-778ea14612f5,6f28061d-732b-4a6a-8acb-fca7f665b58e,6d056ecb-5e47-44bb-b9ef-d33e87f98d96,search_click,19b7bc2b3c124296abbba9a9dabfd16d,"{""query"": ""minimalist leather winter luxury"", ""rank"": 5, ""device"": ""mobile""}",2025-10-04 18:51:29.756240+00
7237508f-3b7b-4845-bec0-ead1f092ac97,6f28061d-732b-4a6a-8acb-fca7f665b58e,6d056ecb-5e47-44bb-b9ef-d33e87f98d96,view,19b7bc2b3c124296abbba9a9dabfd16d,"{""referrer"": ""search"", ""dwell_sec"": 17}",2025-10-04 18:51:44.756240+00
dd0de887-0c39-4b16-95ad-a284fe502268,6f28061d-732b-4a6a-8acb-fca7f665b58e,6d056ecb-5e47-44bb-b9ef-d33e87f98d96,wishlist_add,19b7bc2b3c124296abbba9a9dabfd16d,{},2025-10-04 18:52:33.756240+00
11628e2b-bc9e-47da-abe2-6715f8f3be0d,6f28061d-732b-4a6a-8acb-fca7f665b58e,5adb709a-3442-4a19-88f1-9ad37b4012bd,add_to_cart,19b7bc2b3c124296abbba9a9dabfd16d,"{""variant_id"": ""a630f4f6-93c4-4ed2-a708-35a4ab1db1d9"", ""quantity"": 1}",2025-10-04 18:52:54.756240+00
42ac09af-86ca-41cb-8b96-8e568769fa91,6f28061d-732b-4a6a-8acb-fca7f665b58e,b0925a87-018c-48ca-a1dd-fa67f1d7446a,search_click,8ecdc0bf52d142f790ec4697f6d6cba8,"{""query"": ""silk evening casual"", ""rank"": 1, ""device"": ""desktop""}",2025-09-24 18:09:54.756240+00
3ec624f7-82e0-4309-a17c-d836ac4e35c1,6f28061d-732b-4a6a-8acb-fca7f665b58e,b0925a87-018c-48ca-a1dd-fa67f1d7446a,view,8ecdc0bf52d142f790ec4697f6d6cba8,"{""referrer"": ""search"", ""dwell_sec"": 85}",2025-09-24 18:10:10.756240+00
b19e193a-919f-47f8-8286-24ccff54e611,6f28061d-732b-4a6a-8acb-fca7f665b58e,7a199e8b-b8e1-46d2-beb8-99ba92f52dcd,search_click,8ecdc0bf52d142f790ec4697f6d6cba8,"{""query"": ""silk evening casual"", ""rank"": 2, ""device"": ""desktop""}",2025-09-24 18:10:54.756240+00
29bab6fb-6503-49d5-91eb-828386f729ed,6f28061d-732b-4a6a-8acb-fca7f665b58e,7a199e8b-b8e1-46d2-beb8-99ba92f52dcd,view,8ecdc0bf52d142f790ec4697f6d6cba8,"{""referrer"": ""search"", ""dwell_sec"": 15}",2025-09-24 18:10:59.756240+00
270ef50b-6e53-4ed3-909b-125de4ec05dc,6f28061d-732b-4a6a-8acb-fca7f665b58e,de2ff47e-217a-4f7d-be31-1b2a9926eda9,search_click,8ecdc0bf52d142f790ec4697f6d6cba8,"{""query"": ""silk evening casual"", ""rank"": 3, ""device"": ""desktop""}",2025-09-24 18:11:14.756240+00
ac26ca11-6ff4-4154-a426-552202f03a60,6f28061d-732b-4a6a-8acb-fca7f665b58e,de2ff47e-217a-4f7d-be31-1b2a9926eda9,view,8ecdc0bf52d142f790ec4697f6d6cba8,"{""referrer"": ""search"", ""dwell_sec"": 45}",2025-09-24 18:11:24.756240+00
1e4d62a3-a6c8-4cab-9834-926090f8c7f6,6eb1b6be-24d7-4b61-94a9-54e0ebfe2588,1323fd17-1e4c-4b33-a1a9-6d1ef29bbb23,search_click,75aebdefeb854640b056daca16927c19,"{""query"": ""sunglasses travel streetwear casual"", ""rank"": 1, ""device"": ""mobile""}",2025-08-24 06:23:54.756240+00
634515ac-fa5a-4c78-8f52-167c1fce3c33,6eb1b6be-24d7-4b61-94a9-54e0ebfe2588,1323fd17-1e4c-4b33-a1a9-6d1ef29bbb23,view,75aebdefeb854640b056daca16927c19,"{""referrer"": ""search"", ""dwell_sec"": 88}",2025-08-24 06:23:59.756240+00
4b58ad71-81bd-4b07-8cdb-e17bdc73e2a2,6eb1b6be-24d7-4b61-94a9-54e0ebfe2588,783a36aa-334d-4e88-88cf-65b04f6a0fc3,search_click,75aebdefeb854640b056daca16927c19,"{""query"": ""sunglasses travel streetwear casual"", ""rank"": 2, ""device"": ""desktop""}",2025-08-24 06:24:28.756240+00
8edf7964-766e-4c7d-91ee-54725d4c792d,6eb1b6be-24d7-4b61-94a9-54e0ebfe2588,783a36aa-334d-4e88-88cf-65b04f6a0fc3,view,75aebdefeb854640b056daca16927c19,"{""referrer"": ""search"", ""dwell_sec"": 36}",2025-08-24 06:24:38.756240+00
5c51cab2-716e-4b3a-b5e2-0d15ccaaec2c,6eb1b6be-24d7-4b61-94a9-54e0ebfe2588,d9fd706a-05fe-4cbf-aa17-ef87fba1bb1b,search_click,75aebdefeb854640b056daca16927c19,"{""query"": ""sunglasses travel streetwear casual"", ""rank"": 3, ""device"": ""desktop""}",2025-08-24 06:25:30.756240+00
4a5ef5ae-13d7-4f70-980d-62c93de1f6a8,6eb1b6be-24d7-4b61-94a9-54e0ebfe2588,d9fd706a-05fe-4cbf-aa17-ef87fba1bb1b,view,75aebdefeb854640b056daca16927c19,"{""referrer"": ""search"", ""dwell_sec"": 85}",2025-08-24 06:25:47.756240+00
77c35ea0-addf-405a-b0cb-ef21020cb47b,6eb1b6be-24d7-4b61-94a9-54e0ebfe2588,1323fd17-1e4c-4b33-a1a9-6d1ef29bbb23,wishlist_add,75aebdefeb854640b056daca16927c19,{},2025-08-24 06:26:00.756240+00
ca40af33-fa92-4ac6-bc3f-f6d7f459c9cd,6eb1b6be-24d7-4b61-94a9-54e0ebfe2588,783a36aa-334d-4e88-88cf-65b04f6a0fc3,add_to_cart,75aebdefeb854640b056daca16927c19,"{""variant_id"": ""da5b40b9-dd00-40a2-ae26-61dffaed58d7"", ""quantity"": 2}",2025-08-24 06:26:06.756240+00
97f42fa3-54c3-47db-b375-e04a33452b84,6eb1b6be-24d7-4b61-94a9-54e0ebfe2588,d9fd706a-05fe-4cbf-aa17-ef87fba1bb1b,add_to_cart,75aebdefeb854640b056daca16927c19,"{""variant_id"": ""36823b9c-0525-40aa-be51-e57a5bfb6cd1"", ""quantity"": 1}",2025-08-24 06:26:39.756240+00
8e356962-b3e1-4fad-b604-42f1eb6a6aea,6eb1b6be-24d7-4b61-94a9-54e0ebfe2588,d9fd706a-05fe-4cbf-aa17-ef87fba1bb1b,checkout_start,75aebdefeb854640b056daca16927c19,{},2025-08-24 06:27:24.756240+00
d55af72c-f0ba-4c5e-bd87-8adba5bd5dd2,6eb1b6be-24d7-4b61-94a9-54e0ebfe2588,100a25a8-1074-4082-bf3e-619e6bf0ed06,search_click,0e569e3342554bdcab2427d6d733c2c5,"{""query"": ""outerwear winter streetwear everyday"", ""rank"": 1, ""device"": ""mobile""}",2025-09-27 02:42:54.756240+00
b380e7c7-3743-4b29-ae2c-96025b213a92,6eb1b6be-24d7-4b61-94a9-54e0ebfe2588,100a25a8-1074-4082-bf3e-619e6bf0ed06,view,0e569e3342554bdcab2427d6d733c2c5,"{""referrer"": ""search"", ""dwell_sec"": 42}",2025-09-27 02:43:10.756240+00
ade96dae-328c-445f-843e-9e28d32ff095,6eb1b6be-24d7-4b61-94a9-54e0ebfe2588,979f809c-bc8f-4eec-89ce-de32b4175b32,search_click,0e569e3342554bdcab2427d6d733c2c5,"{""query"": ""outerwear winter streetwear everyday"", ""rank"": 2, ""device"": ""mobile""}",2025-09-27 02:43:53.756240+00
3597f6b8-30b3-40f8-9e68-1ce3122e943f,6eb1b6be-24d7-4b61-94a9-54e0ebfe2588,979f809c-bc8f-4eec-89ce-de32b4175b32,view,0e569e3342554bdcab2427d6d733c2c5,"{""referrer"": ""search"", ""dwell_sec"": 75}",2025-09-27 02:43:56.756240+00
5380ea15-d42a-4ef1-b330-927fbcbfec7e,6eb1b6be-24d7-4b61-94a9-54e0ebfe2588,b0de0f60-82c8-4e43-a209-4528f01d0b4a,search_click,0e569e3342554bdcab2427d6d733c2c5,"{""query"": ""outerwear winter streetwear everyday"", ""rank"": 3, ""device"": ""mobile""}",2025-09-27 02:44:24.756240+00
f9489175-6f23-483c-9594-2df8045f4e9f,6eb1b6be-24d7-4b61-94a9-54e0ebfe2588,b0de0f60-82c8-4e43-a209-4528f01d0b4a,view,0e569e3342554bdcab2427d6d733c2c5,"{""referrer"": ""search"", ""dwell_sec"": 76}",2025-09-27 02:44:40.756240+00
c2a9141f-e57f-4dc5-9eb9-737972ecfcb5,6eb1b6be-24d7-4b61-94a9-54e0ebfe2588,979f809c-bc8f-4eec-89ce-de32b4175b32,add_to_cart,0e569e3342554bdcab2427d6d733c2c5,"{""variant_id"": ""a08e6120-aecf-47ac-b82a-3deeb3e190f1"", ""quantity"": 1}",2025-09-27 02:45:12.756240+00
83eeadd8-b79c-4ad7-87d4-dc813947cd50,6eb1b6be-24d7-4b61-94a9-54e0ebfe2588,979f809c-bc8f-4eec-89ce-de32b4175b32,checkout_start,0e569e3342554bdcab2427d6d733c2c5,{},2025-09-27 02:45:56.756240+00
0d83d4f8-2f45-4dd7-afaa-f354b0c329a5,6eb1b6be-24d7-4b61-94a9-54e0ebfe2588,8b635074-268f-466c-949e-aaaf0b143834,search_click,56a7eaac100a4e12b22a92bafe79e985,"{""query"": ""midi Pleated Midi Skirt casual everyday"", ""rank"": 1, ""device"": ""desktop""}",2025-08-18 02:59:54.756240+00
bef980a6-2096-4ad4-b4aa-e96122307aad,6eb1b6be-24d7-4b61-94a9-54e0ebfe2588,8b635074-268f-466c-949e-aaaf0b143834,view,56a7eaac100a4e12b22a92bafe79e985,"{""referrer"": ""search"", ""dwell_sec"": 44}",2025-08-18 03:00:10.756240+00
19aff21d-bb94-41c6-bbfc-1bb544a2579b,6eb1b6be-24d7-4b61-94a9-54e0ebfe2588,274fb507-6d75-46b0-87f5-8d873644c52c,search_click,56a7eaac100a4e12b22a92bafe79e985,"{""query"": ""midi Pleated Midi Skirt casual everyday"", ""rank"": 2, ""device"": ""desktop""}",2025-08-18 03:01:05.756240+00
cc7716de-8128-4384-84c0-11efd5475dc5,6eb1b6be-24d7-4b61-94a9-54e0ebfe2588,274fb507-6d75-46b0-87f5-8d873644c52c,view,56a7eaac100a4e12b22a92bafe79e985,"{""referrer"": ""search"", ""dwell_sec"": 64}",2025-08-18 03:01:19.756240+00
8863a6a4-9549-4f15-a0af-4eeebd04a105,6eb1b6be-24d7-4b61-94a9-54e0ebfe2588,de2ff47e-217a-4f7d-be31-1b2a9926eda9,search_click,56a7eaac100a4e12b22a92bafe79e985,"{""query"": ""midi Pleated Midi Skirt casual everyday"", ""rank"": 3, ""device"": ""mobile""}",2025-08-18 03:02:08.756240+00
63c3290f-bdcb-47e4-b408-3d8ef290d998,6eb1b6be-24d7-4b61-94a9-54e0ebfe2588,de2ff47e-217a-4f7d-be31-1b2a9926eda9,view,56a7eaac100a4e12b22a92bafe79e985,"{""referrer"": ""search"", ""dwell_sec"": 15}",2025-08-18 03:02:21.756240+00
36a1e788-a271-4abd-8c08-e332ac72e6b6,6eb1b6be-24d7-4b61-94a9-54e0ebfe2588,274fb507-6d75-46b0-87f5-8d873644c52c,search_click,56a7eaac100a4e12b22a92bafe79e985,"{""query"": ""midi Pleated Midi Skirt casual everyday"", ""rank"": 4, ""device"": ""mobile""}",2025-08-18 03:03:19.756240+00
cd9e97b6-0d7d-439b-874f-af06bc88c232,6eb1b6be-24d7-4b61-94a9-54e0ebfe2588,274fb507-6d75-46b0-87f5-8d873644c52c,view,56a7eaac100a4e12b22a92bafe79e985,"{""referrer"": ""search"", ""dwell_sec"": 39}",2025-08-18 03:03:23.756240+00
8a355e35-0597-45cd-a85a-dfe30685f9bf,6eb1b6be-24d7-4b61-94a9-54e0ebfe2588,783a36aa-334d-4e88-88cf-65b04f6a0fc3,search_click,56a7eaac100a4e12b22a92bafe79e985,"{""query"": ""midi Pleated Midi Skirt casual everyday"", ""rank"": 5, ""device"": ""desktop""}",2025-08-18 03:04:17.756240+00
543959fb-1007-4661-abec-23fcf48ff40c,6eb1b6be-24d7-4b61-94a9-54e0ebfe2588,783a36aa-334d-4e88-88cf-65b04f6a0fc3,view,56a7eaac100a4e12b22a92bafe79e985,"{""referrer"": ""search"", ""dwell_sec"": 74}",2025-08-18 03:04:22.756240+00
9538fb9f-be9e-406a-bcec-de9d4170ff9b,6eb1b6be-24d7-4b61-94a9-54e0ebfe2588,de2ff47e-217a-4f7d-be31-1b2a9926eda9,wishlist_add,56a7eaac100a4e12b22a92bafe79e985,{},2025-08-18 03:04:57.756240+00
b907189d-aaac-45be-b282-7a2048a1ed9f,6eb1b6be-24d7-4b61-94a9-54e0ebfe2588,274fb507-6d75-46b0-87f5-8d873644c52c,add_to_cart,56a7eaac100a4e12b22a92bafe79e985,"{""variant_id"": ""9bba37b9-5099-4190-a8eb-08fb51c3538b"", ""quantity"": 1}",2025-08-18 03:05:26.756240+00
7469a756-b479-462c-a377-1ece32bd45fe,6eb1b6be-24d7-4b61-94a9-54e0ebfe2588,274fb507-6d75-46b0-87f5-8d873644c52c,abandon_cart,56a7eaac100a4e12b22a92bafe79e985,{},2025-08-18 03:05:43.756240+00
1047305f-30fc-4c78-bbe4-79baf760f957,6eb1b6be-24d7-4b61-94a9-54e0ebfe2588,a31954ad-5c6c-4a28-9cb0-2c6c3dfe99cd,search_click,e543796031824dd18efa5ed83665956a,"{""query"": ""cozy winter streetwear casual"", ""rank"": 1, ""device"": ""desktop""}",2025-09-07 07:57:54.756240+00
cb51e411-e67a-44f2-b0ce-2fec667a71b3,6eb1b6be-24d7-4b61-94a9-54e0ebfe2588,a31954ad-5c6c-4a28-9cb0-2c6c3dfe99cd,view,e543796031824dd18efa5ed83665956a,"{""referrer"": ""search"", ""dwell_sec"": 6}",2025-09-07 07:58:07.756240+00
34daa50d-5253-43d8-a364-da62f444bd7a,6eb1b6be-24d7-4b61-94a9-54e0ebfe2588,45e64d53-de11-4614-8e1b-3b16aac95357,search_click,e543796031824dd18efa5ed83665956a,"{""query"": ""cozy winter streetwear casual"", ""rank"": 2, ""device"": ""desktop""}",2025-09-07 07:58:22.756240+00
7284f4de-fadc-4000-bd85-50c78934e71b,6eb1b6be-24d7-4b61-94a9-54e0ebfe2588,45e64d53-de11-4614-8e1b-3b16aac95357,view,e543796031824dd18efa5ed83665956a,"{""referrer"": ""search"", ""dwell_sec"": 55}",2025-09-07 07:58:28.756240+00
db6b1e66-0fad-4df2-98be-74765d9343cf,6eb1b6be-24d7-4b61-94a9-54e0ebfe2588,4b118e6e-16fe-4b89-b29c-17edd6303d62,search_click,e543796031824dd18efa5ed83665956a,"{""query"": ""cozy winter streetwear casual"", ""rank"": 3, ""device"": ""mobile""}",2025-09-07 07:59:23.756240+00
025397d6-a624-4bc3-9868-da416e25e600,6eb1b6be-24d7-4b61-94a9-54e0ebfe2588,4b118e6e-16fe-4b89-b29c-17edd6303d62,view,e543796031824dd18efa5ed83665956a,"{""referrer"": ""search"", ""dwell_sec"": 10}",2025-09-07 07:59:26.756240+00
fa28a909-3346-4aca-91fa-b0919d669075,11a15f12-e862-4bb5-9169-b64a1401331b,4b118e6e-16fe-4b89-b29c-17edd6303d62,search_click,498f1c5b37704a0da72ba61127590d22,"{""query"": ""sale luxury streetwear travel"", ""rank"": 1, ""device"": ""desktop""}",2025-09-09 21:50:54.756240+00
506936de-39a3-45de-a10f-b5fbb1eb4b55,11a15f12-e862-4bb5-9169-b64a1401331b,4b118e6e-16fe-4b89-b29c-17edd6303d62,view,498f1c5b37704a0da72ba61127590d22,"{""referrer"": ""search"", ""dwell_sec"": 64}",2025-09-09 21:51:07.756240+00
72f18bf9-2d89-4688-9487-2f55c3f054b2,11a15f12-e862-4bb5-9169-b64a1401331b,cd548d76-1702-4cf5-a5d1-c2101fac11f2,search_click,498f1c5b37704a0da72ba61127590d22,"{""query"": ""sale luxury streetwear travel"", ""rank"": 2, ""device"": ""mobile""}",2025-09-09 21:51:29.756240+00
8b11c029-8f07-4487-be43-5f811d552421,11a15f12-e862-4bb5-9169-b64a1401331b,cd548d76-1702-4cf5-a5d1-c2101fac11f2,view,498f1c5b37704a0da72ba61127590d22,"{""referrer"": ""search"", ""dwell_sec"": 72}",2025-09-09 21:51:34.756240+00
ba7d4fd5-2325-4496-b09a-6e338618228c,11a15f12-e862-4bb5-9169-b64a1401331b,aa9058c2-3702-4840-909d-4536f8ef27e7,search_click,498f1c5b37704a0da72ba61127590d22,"{""query"": ""sale luxury streetwear travel"", ""rank"": 3, ""device"": ""desktop""}",2025-09-09 21:51:48.756240+00
ecc132e2-ab54-451a-9154-413acf1396c2,11a15f12-e862-4bb5-9169-b64a1401331b,aa9058c2-3702-4840-909d-4536f8ef27e7,view,498f1c5b37704a0da72ba61127590d22,"{""referrer"": ""search"", ""dwell_sec"": 38}",2025-09-09 21:52:00.756240+00
4a6b6d60-c6ad-445e-a9fb-0bcbbd349f03,11a15f12-e862-4bb5-9169-b64a1401331b,5adb709a-3442-4a19-88f1-9ad37b4012bd,search_click,498f1c5b37704a0da72ba61127590d22,"{""query"": ""sale luxury streetwear travel"", ""rank"": 4, ""device"": ""desktop""}",2025-09-09 21:52:39.756240+00
eb5345d5-6f5b-460c-9e10-d1fa8f5bd580,11a15f12-e862-4bb5-9169-b64a1401331b,5adb709a-3442-4a19-88f1-9ad37b4012bd,view,498f1c5b37704a0da72ba61127590d22,"{""referrer"": ""search"", ""dwell_sec"": 5}",2025-09-09 21:52:56.756240+00
5fd89c88-1d43-497b-89bd-59ace770d44e,11a15f12-e862-4bb5-9169-b64a1401331b,4b118e6e-16fe-4b89-b29c-17edd6303d62,add_to_cart,498f1c5b37704a0da72ba61127590d22,"{""variant_id"": ""70a11d7b-a624-4bd5-8b95-7e4f746234c8"", ""quantity"": 1}",2025-09-09 21:53:50.756240+00
f780c2be-6203-459b-9e1e-bdd538d45095,11a15f12-e862-4bb5-9169-b64a1401331b,4b118e6e-16fe-4b89-b29c-17edd6303d62,checkout_start,498f1c5b37704a0da72ba61127590d22,{},2025-09-09 21:54:15.756240+00
b51ab354-533c-4dc5-8083-0abc2d92d224,11a15f12-e862-4bb5-9169-b64a1401331b,cd548d76-1702-4cf5-a5d1-c2101fac11f2,search_click,bdbd559db75b476cb348dc84b85f5756,"{""query"": ""daily travel summer"", ""rank"": 1, ""device"": ""desktop""}",2025-10-01 09:52:54.756240+00
b01d00c2-aad1-4909-98e3-81567d526842,11a15f12-e862-4bb5-9169-b64a1401331b,cd548d76-1702-4cf5-a5d1-c2101fac11f2,view,bdbd559db75b476cb348dc84b85f5756,"{""referrer"": ""search"", ""dwell_sec"": 11}",2025-10-01 09:53:05.756240+00
16ccd652-253f-4897-93a0-dc08a4cfb0d4,11a15f12-e862-4bb5-9169-b64a1401331b,aa9058c2-3702-4840-909d-4536f8ef27e7,search_click,bdbd559db75b476cb348dc84b85f5756,"{""query"": ""daily travel summer"", ""rank"": 2, ""device"": ""mobile""}",2025-10-01 09:53:33.756240+00
d4b74fb2-5cef-4c96-89be-d3a6d722398f,11a15f12-e862-4bb5-9169-b64a1401331b,aa9058c2-3702-4840-909d-4536f8ef27e7,view,bdbd559db75b476cb348dc84b85f5756,"{""referrer"": ""search"", ""dwell_sec"": 6}",2025-10-01 09:53:38.756240+00
69c2126a-e06a-4770-8698-6c7b9a18ab3c,11a15f12-e862-4bb5-9169-b64a1401331b,b0de0f60-82c8-4e43-a209-4528f01d0b4a,search_click,248172e3a7894470989f0ae0d64c11e1,"{""query"": ""evening statement travel"", ""rank"": 1, ""device"": ""mobile""}",2025-10-07 17:35:54.756240+00
5150911c-fc5c-44c9-bdca-44b0357a9744,11a15f12-e862-4bb5-9169-b64a1401331b,b0de0f60-82c8-4e43-a209-4528f01d0b4a,view,248172e3a7894470989f0ae0d64c11e1,"{""referrer"": ""search"", ""dwell_sec"": 77}",2025-10-07 17:36:04.756240+00
4ea05abb-cf9d-4779-aa75-37cb8714fc34,11a15f12-e862-4bb5-9169-b64a1401331b,aa9058c2-3702-4840-909d-4536f8ef27e7,search_click,248172e3a7894470989f0ae0d64c11e1,"{""query"": ""evening statement travel"", ""rank"": 2, ""device"": ""mobile""}",2025-10-07 17:36:49.756240+00
d558e62e-de7e-463f-820b-6015f0ca3193,11a15f12-e862-4bb5-9169-b64a1401331b,aa9058c2-3702-4840-909d-4536f8ef27e7,view,248172e3a7894470989f0ae0d64c11e1,"{""referrer"": ""search"", ""dwell_sec"": 18}",2025-10-07 17:37:05.756240+00
bede8b07-a487-401f-b20a-ff8d2f213703,11a15f12-e862-4bb5-9169-b64a1401331b,aa9058c2-3702-4840-909d-4536f8ef27e7,add_to_cart,248172e3a7894470989f0ae0d64c11e1,"{""variant_id"": ""53a0e632-c21a-4e77-b3e0-3a0672b44d6d"", ""quantity"": 1}",2025-10-07 17:37:59.756240+00
1fda15bc-e69a-4c42-beef-efc6e500b8bd,11a15f12-e862-4bb5-9169-b64a1401331b,b0de0f60-82c8-4e43-a209-4528f01d0b4a,add_to_cart,248172e3a7894470989f0ae0d64c11e1,"{""variant_id"": ""e023286b-ba77-43ea-8ee0-f02e3c772f42"", ""quantity"": 2}",2025-10-07 17:38:25.756240+00
ab9cb7bc-ec01-40c2-bd16-b457124f6cdf,11a15f12-e862-4bb5-9169-b64a1401331b,b0de0f60-82c8-4e43-a209-4528f01d0b4a,checkout_start,248172e3a7894470989f0ae0d64c11e1,{},2025-10-07 17:39:05.756240+00
c13b4c41-22b4-42d5-9032-f62efa1154b3,5bf23fee-fecd-4fe6-9167-638886e94b07,4b118e6e-16fe-4b89-b29c-17edd6303d62,search_click,e024ba9458ba4bd58f5d8f48a2052359,"{""query"": ""Statement Hoop Earrings statement luxury"", ""rank"": 1, ""device"": ""desktop""}",2025-09-12 17:10:54.756240+00
038460f2-2604-4d09-9373-34852d7bad98,5bf23fee-fecd-4fe6-9167-638886e94b07,4b118e6e-16fe-4b89-b29c-17edd6303d62,view,e024ba9458ba4bd58f5d8f48a2052359,"{""referrer"": ""search"", ""dwell_sec"": 79}",2025-09-12 17:11:08.756240+00
73fabce8-cdda-451e-b53f-703502b2fdf8,5bf23fee-fecd-4fe6-9167-638886e94b07,5adb709a-3442-4a19-88f1-9ad37b4012bd,search_click,e024ba9458ba4bd58f5d8f48a2052359,"{""query"": ""Statement Hoop Earrings statement luxury"", ""rank"": 2, ""device"": ""mobile""}",2025-09-12 17:11:28.756240+00
c5f9344a-b3e8-4b2f-8315-353b65bd8743,5bf23fee-fecd-4fe6-9167-638886e94b07,5adb709a-3442-4a19-88f1-9ad37b4012bd,view,e024ba9458ba4bd58f5d8f48a2052359,"{""referrer"": ""search"", ""dwell_sec"": 43}",2025-09-12 17:11:39.756240+00
624b7732-40d8-4ff1-af7e-212bf3b89c7e,5bf23fee-fecd-4fe6-9167-638886e94b07,de2ff47e-217a-4f7d-be31-1b2a9926eda9,search_click,e024ba9458ba4bd58f5d8f48a2052359,"{""query"": ""Statement Hoop Earrings statement luxury"", ""rank"": 3, ""device"": ""desktop""}",2025-09-12 17:11:49.756240+00
61e265f6-27d4-4e0c-a488-5e6f9abe67d9,5bf23fee-fecd-4fe6-9167-638886e94b07,de2ff47e-217a-4f7d-be31-1b2a9926eda9,view,e024ba9458ba4bd58f5d8f48a2052359,"{""referrer"": ""search"", ""dwell_sec"": 14}",2025-09-12 17:11:58.756240+00
2ecfa7d9-cca5-424e-9b5b-2a9f180ad598,5bf23fee-fecd-4fe6-9167-638886e94b07,5adb709a-3442-4a19-88f1-9ad37b4012bd,wishlist_add,e024ba9458ba4bd58f5d8f48a2052359,{},2025-09-12 17:12:49.756240+00
567b9e61-0e39-4f0b-8b5a-fc4dfdf95d2d,5bf23fee-fecd-4fe6-9167-638886e94b07,de2ff47e-217a-4f7d-be31-1b2a9926eda9,add_to_cart,e024ba9458ba4bd58f5d8f48a2052359,"{""variant_id"": ""40c12a54-1ec6-46b1-b668-829c1653e95c"", ""quantity"": 1}",2025-09-12 17:13:05.756240+00
d85be472-58fe-446a-af4f-5b08c309c559,5bf23fee-fecd-4fe6-9167-638886e94b07,de2ff47e-217a-4f7d-be31-1b2a9926eda9,abandon_cart,e024ba9458ba4bd58f5d8f48a2052359,{},2025-09-12 17:13:34.756240+00
a5c8b3fe-ed33-41b2-a2cc-93f9d034c898,5bf23fee-fecd-4fe6-9167-638886e94b07,1323fd17-1e4c-4b33-a1a9-6d1ef29bbb23,search_click,b774b6e44b444afb9fa25699008d6cf2,"{""query"": ""summer sale luxury"", ""rank"": 1, ""device"": ""mobile""}",2025-08-13 18:48:54.756240+00
177c0c03-3d5f-49cb-8893-765236428a2e,5bf23fee-fecd-4fe6-9167-638886e94b07,1323fd17-1e4c-4b33-a1a9-6d1ef29bbb23,view,b774b6e44b444afb9fa25699008d6cf2,"{""referrer"": ""search"", ""dwell_sec"": 55}",2025-08-13 18:48:58.756240+00
2772962b-3b7e-43c9-aea3-0fc00d0d437b,5bf23fee-fecd-4fe6-9167-638886e94b07,8b635074-268f-466c-949e-aaaf0b143834,search_click,b774b6e44b444afb9fa25699008d6cf2,"{""query"": ""summer sale luxury"", ""rank"": 2, ""device"": ""mobile""}",2025-08-13 18:49:31.756240+00
7d31416e-6330-4058-ad95-0afab60f91e2,5bf23fee-fecd-4fe6-9167-638886e94b07,8b635074-268f-466c-949e-aaaf0b143834,view,b774b6e44b444afb9fa25699008d6cf2,"{""referrer"": ""search"", ""dwell_sec"": 60}",2025-08-13 18:49:41.756240+00
474dfc63-ec13-4e68-9cc7-79ec9353a64c,5bf23fee-fecd-4fe6-9167-638886e94b07,8b635074-268f-466c-949e-aaaf0b143834,search_click,b774b6e44b444afb9fa25699008d6cf2,"{""query"": ""summer sale luxury"", ""rank"": 3, ""device"": ""desktop""}",2025-08-13 18:50:04.756240+00
b3d0c000-8e44-4a84-adef-f9ebf9ea1646,5bf23fee-fecd-4fe6-9167-638886e94b07,8b635074-268f-466c-949e-aaaf0b143834,view,b774b6e44b444afb9fa25699008d6cf2,"{""referrer"": ""search"", ""dwell_sec"": 21}",2025-08-13 18:50:11.756240+00
7ff4e47b-5b8c-4b06-a532-b82cce67c197,5bf23fee-fecd-4fe6-9167-638886e94b07,8b635074-268f-466c-949e-aaaf0b143834,wishlist_add,b774b6e44b444afb9fa25699008d6cf2,{},2025-08-13 18:50:37.756240+00
bc754648-ffd8-45fd-b5f9-8ffdc3d631ab,5bf23fee-fecd-4fe6-9167-638886e94b07,1323fd17-1e4c-4b33-a1a9-6d1ef29bbb23,add_to_cart,b774b6e44b444afb9fa25699008d6cf2,"{""variant_id"": ""0871a14c-0b01-4a61-b4e2-e7d31ead3d8f"", ""quantity"": 1}",2025-08-13 18:50:45.756240+00
277485a8-ddd9-45b0-849c-b626e00ea0ca,5bf23fee-fecd-4fe6-9167-638886e94b07,8b635074-268f-466c-949e-aaaf0b143834,add_to_cart,b774b6e44b444afb9fa25699008d6cf2,"{""variant_id"": ""a7915ab5-4f59-42ef-9899-af05570c2362"", ""quantity"": 1}",2025-08-13 18:51:25.756240+00
d4734092-8363-4b8a-838a-e31035a9adf3,5bf23fee-fecd-4fe6-9167-638886e94b07,6d056ecb-5e47-44bb-b9ef-d33e87f98d96,search_click,8b3b8db6767f40bfa137cf9bcb1040b5,"{""query"": ""Organic Cotton Tee Pack casual winter formal"", ""rank"": 1, ""device"": ""desktop""}",2025-08-24 12:55:54.756240+00
0cc910bb-ed71-4dbd-800f-e43cb7eb93fd,5bf23fee-fecd-4fe6-9167-638886e94b07,6d056ecb-5e47-44bb-b9ef-d33e87f98d96,view,8b3b8db6767f40bfa137cf9bcb1040b5,"{""referrer"": ""search"", ""dwell_sec"": 61}",2025-08-24 12:56:01.756240+00
982165e7-b255-47b1-9312-c523d8ffe2b4,5bf23fee-fecd-4fe6-9167-638886e94b07,60a51ad1-ba52-43e5-9218-54e27ca857e0,search_click,8b3b8db6767f40bfa137cf9bcb1040b5,"{""query"": ""Organic Cotton Tee Pack casual winter formal"", ""rank"": 2, ""device"": ""mobile""}",2025-08-24 12:56:08.756240+00
e0685f72-c296-4b61-bf3e-100907183714,5bf23fee-fecd-4fe6-9167-638886e94b07,60a51ad1-ba52-43e5-9218-54e27ca857e0,view,8b3b8db6767f40bfa137cf9bcb1040b5,"{""referrer"": ""search"", ""dwell_sec"": 52}",2025-08-24 12:56:17.756240+00
63a5438f-8f82-4558-9ab9-1b6ae85221b6,5bf23fee-fecd-4fe6-9167-638886e94b07,6d056ecb-5e47-44bb-b9ef-d33e87f98d96,add_to_cart,8b3b8db6767f40bfa137cf9bcb1040b5,"{""variant_id"": ""78f495d4-109a-4d87-9e88-202641f031d5"", ""quantity"": 2}",2025-08-24 12:56:31.756240+00
d1235e06-51d3-4f83-ab5c-0c5c0087bd5c,5bf23fee-fecd-4fe6-9167-638886e94b07,6d056ecb-5e47-44bb-b9ef-d33e87f98d96,abandon_cart,8b3b8db6767f40bfa137cf9bcb1040b5,{},2025-08-24 12:56:54.756240+00
4080d6e0-10e6-48c0-a688-267cf4fb6f66,5bf23fee-fecd-4fe6-9167-638886e94b07,a31954ad-5c6c-4a28-9cb0-2c6c3dfe99cd,search_click,d24213a3363c4396a7a444b4ce735ddc,"{""query"": ""office classic luxury"", ""rank"": 1, ""device"": ""mobile""}",2025-09-21 14:40:54.756240+00
7fe8d020-42e1-4783-b1ac-95b119d53cf2,5bf23fee-fecd-4fe6-9167-638886e94b07,a31954ad-5c6c-4a28-9cb0-2c6c3dfe99cd,view,d24213a3363c4396a7a444b4ce735ddc,"{""referrer"": ""search"", ""dwell_sec"": 54}",2025-09-21 14:40:59.756240+00
6948f2b4-510a-4c81-b92d-8dfa4df492e5,5bf23fee-fecd-4fe6-9167-638886e94b07,8b635074-268f-466c-949e-aaaf0b143834,search_click,d24213a3363c4396a7a444b4ce735ddc,"{""query"": ""office classic luxury"", ""rank"": 2, ""device"": ""desktop""}",2025-09-21 14:41:46.756240+00
165943bc-e839-4a2f-8044-dc650a63b63d,5bf23fee-fecd-4fe6-9167-638886e94b07,8b635074-268f-466c-949e-aaaf0b143834,view,d24213a3363c4396a7a444b4ce735ddc,"{""referrer"": ""search"", ""dwell_sec"": 18}",2025-09-21 14:42:00.756240+00
66e6d6a7-8642-43d7-b5bc-f5a78add721b,5bf23fee-fecd-4fe6-9167-638886e94b07,80bf27c4-ceeb-45bb-b9d0-3696000167be,search_click,d24213a3363c4396a7a444b4ce735ddc,"{""query"": ""office classic luxury"", ""rank"": 3, ""device"": ""desktop""}",2025-09-21 14:42:06.756240+00
61eb8e41-94ea-4bd4-8213-5a138592c5cf,5bf23fee-fecd-4fe6-9167-638886e94b07,80bf27c4-ceeb-45bb-b9d0-3696000167be,view,d24213a3363c4396a7a444b4ce735ddc,"{""referrer"": ""search"", ""dwell_sec"": 34}",2025-09-21 14:42:21.756240+00
408d519b-01ef-4847-acf7-87b839886b5b,5bf23fee-fecd-4fe6-9167-638886e94b07,de2ff47e-217a-4f7d-be31-1b2a9926eda9,search_click,d24213a3363c4396a7a444b4ce735ddc,"{""query"": ""office classic luxury"", ""rank"": 4, ""device"": ""mobile""}",2025-09-21 14:42:50.756240+00
d33f7bf6-bf76-4f8f-8f09-5f58191a8ce3,5bf23fee-fecd-4fe6-9167-638886e94b07,de2ff47e-217a-4f7d-be31-1b2a9926eda9,view,d24213a3363c4396a7a444b4ce735ddc,"{""referrer"": ""search"", ""dwell_sec"": 67}",2025-09-21 14:43:03.756240+00
11056a8d-5fe0-417d-8041-de89988b7c82,5bf23fee-fecd-4fe6-9167-638886e94b07,de2ff47e-217a-4f7d-be31-1b2a9926eda9,add_to_cart,d24213a3363c4396a7a444b4ce735ddc,"{""variant_id"": ""40c12a54-1ec6-46b1-b668-829c1653e95c"", ""quantity"": 1}",2025-09-21 14:44:03.756240+00
0aceece1-a65b-4728-8c58-eed9b4bbefce,5bf23fee-fecd-4fe6-9167-638886e94b07,de2ff47e-217a-4f7d-be31-1b2a9926eda9,checkout_start,d24213a3363c4396a7a444b4ce735ddc,{},2025-09-21 14:44:27.756240+00
78c096b0-3895-4d86-8da0-66f759e8ed4a,5bf23fee-fecd-4fe6-9167-638886e94b07,b0925a87-018c-48ca-a1dd-fa67f1d7446a,search_click,97583e2635f3483e94b38b8b99b57599,"{""query"": ""tote leather travel winter"", ""rank"": 1, ""device"": ""mobile""}",2025-08-28 17:48:54.756240+00
60dcd42c-5b2d-4f74-bc0b-cf0786ce3e01,5bf23fee-fecd-4fe6-9167-638886e94b07,b0925a87-018c-48ca-a1dd-fa67f1d7446a,view,97583e2635f3483e94b38b8b99b57599,"{""referrer"": ""search"", ""dwell_sec"": 59}",2025-08-28 17:49:01.756240+00
4d0bdbff-971d-46b6-991c-9b2978cbd6b6,5bf23fee-fecd-4fe6-9167-638886e94b07,80bf27c4-ceeb-45bb-b9d0-3696000167be,search_click,97583e2635f3483e94b38b8b99b57599,"{""query"": ""tote leather travel winter"", ""rank"": 2, ""device"": ""desktop""}",2025-08-28 17:49:25.756240+00
acb8feca-5efa-476d-8bd5-8b466f7b1b91,5bf23fee-fecd-4fe6-9167-638886e94b07,80bf27c4-ceeb-45bb-b9d0-3696000167be,view,97583e2635f3483e94b38b8b99b57599,"{""referrer"": ""search"", ""dwell_sec"": 74}",2025-08-28 17:49:42.756240+00
f6736363-405f-4fc7-a8a9-a2c2e85fff51,5bf23fee-fecd-4fe6-9167-638886e94b07,b0925a87-018c-48ca-a1dd-fa67f1d7446a,wishlist_add,97583e2635f3483e94b38b8b99b57599,{},2025-08-28 17:49:55.756240+00
fb9fff95-5f6a-46e4-8888-d76394829923,5bf23fee-fecd-4fe6-9167-638886e94b07,b0925a87-018c-48ca-a1dd-fa67f1d7446a,add_to_cart,97583e2635f3483e94b38b8b99b57599,"{""variant_id"": ""a730fe49-722d-461a-8290-bb61d5823708"", ""quantity"": 1}",2025-08-28 17:50:34.756240+00
100b5f0f-291e-44dc-a203-6cb6461e50b6,9fd8cf62-8628-4e31-8c09-bed1b3bda164,b0925a87-018c-48ca-a1dd-fa67f1d7446a,search_click,ffdb8a0960ae4effb5c0aeac646c84d8,"{""query"": ""statement jewelry travel"", ""rank"": 1, ""device"": ""mobile""}",2025-09-14 19:42:54.756240+00
cc2c1c1b-7673-4403-955c-00f615cf831b,9fd8cf62-8628-4e31-8c09-bed1b3bda164,b0925a87-018c-48ca-a1dd-fa67f1d7446a,view,ffdb8a0960ae4effb5c0aeac646c84d8,"{""referrer"": ""search"", ""dwell_sec"": 88}",2025-09-14 19:43:12.756240+00
cf5c4aa8-0780-4734-aed1-55c703efe60a,9fd8cf62-8628-4e31-8c09-bed1b3bda164,979f809c-bc8f-4eec-89ce-de32b4175b32,search_click,ffdb8a0960ae4effb5c0aeac646c84d8,"{""query"": ""statement jewelry travel"", ""rank"": 2, ""device"": ""mobile""}",2025-09-14 19:43:40.756240+00
ad85b5e3-a602-4122-9c21-fd2edde5310e,9fd8cf62-8628-4e31-8c09-bed1b3bda164,979f809c-bc8f-4eec-89ce-de32b4175b32,view,ffdb8a0960ae4effb5c0aeac646c84d8,"{""referrer"": ""search"", ""dwell_sec"": 67}",2025-09-14 19:43:55.756240+00
6bc6b306-fa8f-42ad-b705-87bb61519803,9fd8cf62-8628-4e31-8c09-bed1b3bda164,4f37e0ee-e916-47ea-affc-4d01665bb2db,search_click,ffdb8a0960ae4effb5c0aeac646c84d8,"{""query"": ""statement jewelry travel"", ""rank"": 3, ""device"": ""mobile""}",2025-09-14 19:44:30.756240+00
920e88a6-72d7-42f4-bbda-1039c341ed00,9fd8cf62-8628-4e31-8c09-bed1b3bda164,4f37e0ee-e916-47ea-affc-4d01665bb2db,view,ffdb8a0960ae4effb5c0aeac646c84d8,"{""referrer"": ""search"", ""dwell_sec"": 29}",2025-09-14 19:44:38.756240+00
2399a831-3fd7-4c51-9899-ae18c0cfc814,9fd8cf62-8628-4e31-8c09-bed1b3bda164,b0925a87-018c-48ca-a1dd-fa67f1d7446a,wishlist_add,ffdb8a0960ae4effb5c0aeac646c84d8,{},2025-09-14 19:44:57.756240+00
6cf77690-90cc-4073-bf42-d9069a6e34f5,9fd8cf62-8628-4e31-8c09-bed1b3bda164,4f37e0ee-e916-47ea-affc-4d01665bb2db,add_to_cart,ffdb8a0960ae4effb5c0aeac646c84d8,"{""variant_id"": ""1f691839-9a4a-46ed-9d11-ec5bc365f1c1"", ""quantity"": 1}",2025-09-14 19:45:19.756240+00
e117db5f-bc39-40ef-8217-02cd3bc135f2,9fd8cf62-8628-4e31-8c09-bed1b3bda164,d9fd706a-05fe-4cbf-aa17-ef87fba1bb1b,search_click,3c3bf9fe6e6e460d83644acc6d1f4f6e,"{""query"": ""raw classic formal"", ""rank"": 1, ""device"": ""desktop""}",2025-09-12 09:39:54.756240+00
97bd363d-b1c2-486f-a511-44ba306403c4,9fd8cf62-8628-4e31-8c09-bed1b3bda164,d9fd706a-05fe-4cbf-aa17-ef87fba1bb1b,view,3c3bf9fe6e6e460d83644acc6d1f4f6e,"{""referrer"": ""search"", ""dwell_sec"": 29}",2025-09-12 09:39:58.756240+00
9f506df4-0f52-4584-8206-d8b3a68acbde,9fd8cf62-8628-4e31-8c09-bed1b3bda164,b0925a87-018c-48ca-a1dd-fa67f1d7446a,search_click,3c3bf9fe6e6e460d83644acc6d1f4f6e,"{""query"": ""raw classic formal"", ""rank"": 2, ""device"": ""desktop""}",2025-09-12 09:40:21.756240+00
c39e54bb-ffd4-489b-a2d4-fe61d529789e,9fd8cf62-8628-4e31-8c09-bed1b3bda164,b0925a87-018c-48ca-a1dd-fa67f1d7446a,view,3c3bf9fe6e6e460d83644acc6d1f4f6e,"{""referrer"": ""search"", ""dwell_sec"": 43}",2025-09-12 09:40:36.756240+00
d8021459-bffd-4461-bc7b-78cdecf50fcb,9fd8cf62-8628-4e31-8c09-bed1b3bda164,aa9058c2-3702-4840-909d-4536f8ef27e7,search_click,3c3bf9fe6e6e460d83644acc6d1f4f6e,"{""query"": ""raw classic formal"", ""rank"": 3, ""device"": ""desktop""}",2025-09-12 09:41:30.756240+00
9fd2c905-48e3-4ae0-8e26-64b72ab74f85,9fd8cf62-8628-4e31-8c09-bed1b3bda164,aa9058c2-3702-4840-909d-4536f8ef27e7,view,3c3bf9fe6e6e460d83644acc6d1f4f6e,"{""referrer"": ""search"", ""dwell_sec"": 26}",2025-09-12 09:41:47.756240+00
9e4aa8f2-ff23-4533-9728-b87765faceca,9fd8cf62-8628-4e31-8c09-bed1b3bda164,274fb507-6d75-46b0-87f5-8d873644c52c,search_click,3c3bf9fe6e6e460d83644acc6d1f4f6e,"{""query"": ""raw classic formal"", ""rank"": 4, ""device"": ""desktop""}",2025-09-12 09:42:19.756240+00
b32a1bce-5a85-49d6-b736-7419cb69e319,9fd8cf62-8628-4e31-8c09-bed1b3bda164,274fb507-6d75-46b0-87f5-8d873644c52c,view,3c3bf9fe6e6e460d83644acc6d1f4f6e,"{""referrer"": ""search"", ""dwell_sec"": 71}",2025-09-12 09:42:23.756240+00
6f66ecbc-f57b-4494-bcf6-c5f8c8f40c80,9fd8cf62-8628-4e31-8c09-bed1b3bda164,b0de0f60-82c8-4e43-a209-4528f01d0b4a,search_click,3c3bf9fe6e6e460d83644acc6d1f4f6e,"{""query"": ""raw classic formal"", ""rank"": 5, ""device"": ""desktop""}",2025-09-12 09:42:37.756240+00
5f004ddd-e9fc-4d42-bc1a-75697133ec30,9fd8cf62-8628-4e31-8c09-bed1b3bda164,b0de0f60-82c8-4e43-a209-4528f01d0b4a,view,3c3bf9fe6e6e460d83644acc6d1f4f6e,"{""referrer"": ""search"", ""dwell_sec"": 16}",2025-09-12 09:42:54.756240+00
9db6aecd-d316-4ece-9f1f-4317f0c2ee83,9fd8cf62-8628-4e31-8c09-bed1b3bda164,274fb507-6d75-46b0-87f5-8d873644c52c,add_to_cart,3c3bf9fe6e6e460d83644acc6d1f4f6e,"{""variant_id"": ""9bba37b9-5099-4190-a8eb-08fb51c3538b"", ""quantity"": 1}",2025-09-12 09:43:45.756240+00
fd1da6c0-0181-4931-89da-3a286c3a895d,9fd8cf62-8628-4e31-8c09-bed1b3bda164,274fb507-6d75-46b0-87f5-8d873644c52c,checkout_start,3c3bf9fe6e6e460d83644acc6d1f4f6e,{},2025-09-12 09:44:27.756240+00
2cf8bcb2-105f-4427-8d92-c78a74e40eb4,9fd8cf62-8628-4e31-8c09-bed1b3bda164,1d19f678-f760-4786-9b01-1fb8917f0220,search_click,e88cb882b6834f0da27da4286de50db1,"{""query"": ""sale denim travel"", ""rank"": 1, ""device"": ""desktop""}",2025-08-27 08:12:54.756240+00
71d9e628-93d5-4473-ad6f-886f50b8fe73,9fd8cf62-8628-4e31-8c09-bed1b3bda164,1d19f678-f760-4786-9b01-1fb8917f0220,view,e88cb882b6834f0da27da4286de50db1,"{""referrer"": ""search"", ""dwell_sec"": 10}",2025-08-27 08:13:09.756240+00
e7bd414d-a207-4108-acba-23e9d0dd63ed,9fd8cf62-8628-4e31-8c09-bed1b3bda164,979f809c-bc8f-4eec-89ce-de32b4175b32,search_click,e88cb882b6834f0da27da4286de50db1,"{""query"": ""sale denim travel"", ""rank"": 2, ""device"": ""mobile""}",2025-08-27 08:14:03.756240+00
756d7f51-4628-424c-af95-00fd57f4fe86,9fd8cf62-8628-4e31-8c09-bed1b3bda164,979f809c-bc8f-4eec-89ce-de32b4175b32,view,e88cb882b6834f0da27da4286de50db1,"{""referrer"": ""search"", ""dwell_sec"": 77}",2025-08-27 08:14:16.756240+00
48963329-ea58-4e9d-af65-1dedc2be5004,9fd8cf62-8628-4e31-8c09-bed1b3bda164,100a25a8-1074-4082-bf3e-619e6bf0ed06,search_click,c624d56c881d4841ab284d47eee9ca58,"{""query"": ""luxury winter workwear travel"", ""rank"": 1, ""device"": ""desktop""}",2025-10-07 15:51:54.756240+00
40474579-52e9-4f35-907b-88085f67b6f0,9fd8cf62-8628-4e31-8c09-bed1b3bda164,100a25a8-1074-4082-bf3e-619e6bf0ed06,view,c624d56c881d4841ab284d47eee9ca58,"{""referrer"": ""search"", ""dwell_sec"": 57}",2025-10-07 15:52:11.756240+00
26df8346-fd12-4950-9a82-e30353c31391,9fd8cf62-8628-4e31-8c09-bed1b3bda164,b0925a87-018c-48ca-a1dd-fa67f1d7446a,search_click,c624d56c881d4841ab284d47eee9ca58,"{""query"": ""luxury winter workwear travel"", ""rank"": 2, ""device"": ""mobile""}",2025-10-07 15:52:44.756240+00
c61607ef-efff-490b-b3a7-c695f247e375,9fd8cf62-8628-4e31-8c09-bed1b3bda164,b0925a87-018c-48ca-a1dd-fa67f1d7446a,view,c624d56c881d4841ab284d47eee9ca58,"{""referrer"": ""search"", ""dwell_sec"": 36}",2025-10-07 15:52:47.756240+00
a48058a6-093e-4086-8542-ff8e881395e4,9fd8cf62-8628-4e31-8c09-bed1b3bda164,de2ff47e-217a-4f7d-be31-1b2a9926eda9,search_click,c624d56c881d4841ab284d47eee9ca58,"{""query"": ""luxury winter workwear travel"", ""rank"": 3, ""device"": ""desktop""}",2025-10-07 15:53:27.756240+00
2638d11b-48c9-40ac-a87c-949c7ca2f60b,9fd8cf62-8628-4e31-8c09-bed1b3bda164,de2ff47e-217a-4f7d-be31-1b2a9926eda9,view,c624d56c881d4841ab284d47eee9ca58,"{""referrer"": ""search"", ""dwell_sec"": 11}",2025-10-07 15:53:36.756240+00
7f56b2bd-f915-4438-b96c-87e2fcddefb4,9fd8cf62-8628-4e31-8c09-bed1b3bda164,100a25a8-1074-4082-bf3e-619e6bf0ed06,search_click,c624d56c881d4841ab284d47eee9ca58,"{""query"": ""luxury winter workwear travel"", ""rank"": 4, ""device"": ""mobile""}",2025-10-07 15:53:52.756240+00
2f9aea47-9bd1-4079-8513-1068ac59a003,9fd8cf62-8628-4e31-8c09-bed1b3bda164,100a25a8-1074-4082-bf3e-619e6bf0ed06,view,c624d56c881d4841ab284d47eee9ca58,"{""referrer"": ""search"", ""dwell_sec"": 88}",2025-10-07 15:53:56.756240+00
f562c8b0-3e78-486c-8edc-68fc5a298f45,9fd8cf62-8628-4e31-8c09-bed1b3bda164,100a25a8-1074-4082-bf3e-619e6bf0ed06,wishlist_add,c624d56c881d4841ab284d47eee9ca58,{},2025-10-07 15:54:23.756240+00
9c6f7bbc-734d-4d69-995a-9ad06f3b541a,9fd8cf62-8628-4e31-8c09-bed1b3bda164,100a25a8-1074-4082-bf3e-619e6bf0ed06,add_to_cart,c624d56c881d4841ab284d47eee9ca58,"{""variant_id"": ""30da0001-042a-477d-8008-90217ac75308"", ""quantity"": 1}",2025-10-07 15:54:47.756240+00
6ce29d1c-3a2b-44d2-8cd4-5b10a599bd2d,9fd8cf62-8628-4e31-8c09-bed1b3bda164,100a25a8-1074-4082-bf3e-619e6bf0ed06,checkout_start,c624d56c881d4841ab284d47eee9ca58,{},2025-10-07 15:55:31.756240+00
d68f9370-7bf1-4109-ab55-10c6c037a86a,9fd8cf62-8628-4e31-8c09-bed1b3bda164,d9fd706a-05fe-4cbf-aa17-ef87fba1bb1b,search_click,47840aa88e2b451486f3292be81f1bd3,"{""query"": ""workwear Tech Stretch Chinos travel"", ""rank"": 1, ""device"": ""desktop""}",2025-08-22 19:50:54.756240+00
410b0560-c5a7-4ad3-a7ee-8a894da1ef01,9fd8cf62-8628-4e31-8c09-bed1b3bda164,d9fd706a-05fe-4cbf-aa17-ef87fba1bb1b,view,47840aa88e2b451486f3292be81f1bd3,"{""referrer"": ""search"", ""dwell_sec"": 21}",2025-08-22 19:51:08.756240+00
dbb335cf-d7d9-435b-9a92-2e3e19d82501,9fd8cf62-8628-4e31-8c09-bed1b3bda164,d9fd706a-05fe-4cbf-aa17-ef87fba1bb1b,search_click,47840aa88e2b451486f3292be81f1bd3,"{""query"": ""workwear Tech Stretch Chinos travel"", ""rank"": 2, ""device"": ""desktop""}",2025-08-22 19:51:52.756240+00
e9e017de-cda8-489a-8158-db5600126bba,9fd8cf62-8628-4e31-8c09-bed1b3bda164,d9fd706a-05fe-4cbf-aa17-ef87fba1bb1b,view,47840aa88e2b451486f3292be81f1bd3,"{""referrer"": ""search"", ""dwell_sec"": 68}",2025-08-22 19:52:10.756240+00
2d46dadc-beff-48bc-919e-dcd3d24f6279,9fd8cf62-8628-4e31-8c09-bed1b3bda164,4f37e0ee-e916-47ea-affc-4d01665bb2db,search_click,47840aa88e2b451486f3292be81f1bd3,"{""query"": ""workwear Tech Stretch Chinos travel"", ""rank"": 3, ""device"": ""mobile""}",2025-08-22 19:53:06.756240+00
b5e84e54-70ec-4e81-b76c-8976ec408c40,9fd8cf62-8628-4e31-8c09-bed1b3bda164,4f37e0ee-e916-47ea-affc-4d01665bb2db,view,47840aa88e2b451486f3292be81f1bd3,"{""referrer"": ""search"", ""dwell_sec"": 42}",2025-08-22 19:53:16.756240+00
6ed7ec83-a072-4701-81e6-c7e570d540fb,9fd8cf62-8628-4e31-8c09-bed1b3bda164,7a199e8b-b8e1-46d2-beb8-99ba92f52dcd,search_click,47840aa88e2b451486f3292be81f1bd3,"{""query"": ""workwear Tech Stretch Chinos travel"", ""rank"": 4, ""device"": ""mobile""}",2025-08-22 19:53:33.756240+00
5f2a6d5b-67c7-4e77-bc36-64fab578624d,9fd8cf62-8628-4e31-8c09-bed1b3bda164,7a199e8b-b8e1-46d2-beb8-99ba92f52dcd,view,47840aa88e2b451486f3292be81f1bd3,"{""referrer"": ""search"", ""dwell_sec"": 8}",2025-08-22 19:53:39.756240+00
e70cb835-0a81-41c5-9538-1f3d3970f210,9fd8cf62-8628-4e31-8c09-bed1b3bda164,7a199e8b-b8e1-46d2-beb8-99ba92f52dcd,add_to_cart,47840aa88e2b451486f3292be81f1bd3,"{""variant_id"": ""89584e70-28c5-4717-9d91-e21b64675cc6"", ""quantity"": 1}",2025-08-22 19:54:13.756240+00
db37123e-b0ed-4fc6-8a5d-6bd35ca3a804,9fd8cf62-8628-4e31-8c09-bed1b3bda164,7a199e8b-b8e1-46d2-beb8-99ba92f52dcd,checkout_start,47840aa88e2b451486f3292be81f1bd3,{},2025-08-22 19:54:58.756240+00
ac6dd8d0-cc78-41de-8123-f3d86762fbd5,aa228c59-bed9-4c2b-af24-6f238d33f95f,783a36aa-334d-4e88-88cf-65b04f6a0fc3,search_click,462cad93159b4a9d8af092def0903334,"{""query"": ""travel daily casual"", ""rank"": 1, ""device"": ""mobile""}",2025-08-18 23:58:54.756240+00
40e354dd-9ca0-451e-be1f-b3795265b7fa,aa228c59-bed9-4c2b-af24-6f238d33f95f,783a36aa-334d-4e88-88cf-65b04f6a0fc3,view,462cad93159b4a9d8af092def0903334,"{""referrer"": ""search"", ""dwell_sec"": 78}",2025-08-18 23:59:03.756240+00
ca1751b6-101a-49fb-a4f0-5d2c9d0b0eb6,aa228c59-bed9-4c2b-af24-6f238d33f95f,7a199e8b-b8e1-46d2-beb8-99ba92f52dcd,search_click,462cad93159b4a9d8af092def0903334,"{""query"": ""travel daily casual"", ""rank"": 2, ""device"": ""desktop""}",2025-08-18 23:59:51.756240+00
014502ae-2439-4f23-87a3-e14286b8d21b,aa228c59-bed9-4c2b-af24-6f238d33f95f,7a199e8b-b8e1-46d2-beb8-99ba92f52dcd,view,462cad93159b4a9d8af092def0903334,"{""referrer"": ""search"", ""dwell_sec"": 13}",2025-08-19 00:00:05.756240+00
5fd94771-853f-480b-b77a-fee7c168afe0,aa228c59-bed9-4c2b-af24-6f238d33f95f,b6ce3169-694b-4c53-97e3-97364d3c6f4b,search_click,462cad93159b4a9d8af092def0903334,"{""query"": ""travel daily casual"", ""rank"": 3, ""device"": ""desktop""}",2025-08-19 00:00:19.756240+00
8490bf98-f115-4a5d-ab65-eb7e4a80f6ec,aa228c59-bed9-4c2b-af24-6f238d33f95f,b6ce3169-694b-4c53-97e3-97364d3c6f4b,view,462cad93159b4a9d8af092def0903334,"{""referrer"": ""search"", ""dwell_sec"": 48}",2025-08-19 00:00:22.756240+00
b326f8c2-dfc5-4aa4-890e-6bc83f3d7de0,aa228c59-bed9-4c2b-af24-6f238d33f95f,b0de0f60-82c8-4e43-a209-4528f01d0b4a,search_click,23276717ad37474f9ecd806b421d16dd,"{""query"": ""casual everyday formal"", ""rank"": 1, ""device"": ""desktop""}",2025-08-26 18:25:54.756240+00
81b213d6-f189-4288-82dd-006404528922,aa228c59-bed9-4c2b-af24-6f238d33f95f,b0de0f60-82c8-4e43-a209-4528f01d0b4a,view,23276717ad37474f9ecd806b421d16dd,"{""referrer"": ""search"", ""dwell_sec"": 29}",2025-08-26 18:26:01.756240+00
432f9445-8553-43c5-9918-57ad80d8e254,aa228c59-bed9-4c2b-af24-6f238d33f95f,783a36aa-334d-4e88-88cf-65b04f6a0fc3,search_click,23276717ad37474f9ecd806b421d16dd,"{""query"": ""casual everyday formal"", ""rank"": 2, ""device"": ""desktop""}",2025-08-26 18:26:27.756240+00
0a0c37d9-86fe-44d9-b085-9afbaecb4c0a,aa228c59-bed9-4c2b-af24-6f238d33f95f,783a36aa-334d-4e88-88cf-65b04f6a0fc3,view,23276717ad37474f9ecd806b421d16dd,"{""referrer"": ""search"", ""dwell_sec"": 46}",2025-08-26 18:26:39.756240+00
02e34c20-2ac3-4eb3-ba82-29c123c618fe,aa228c59-bed9-4c2b-af24-6f238d33f95f,4f37e0ee-e916-47ea-affc-4d01665bb2db,search_click,23276717ad37474f9ecd806b421d16dd,"{""query"": ""casual everyday formal"", ""rank"": 3, ""device"": ""mobile""}",2025-08-26 18:26:53.756240+00
0ba68bd7-f6d1-41d2-aea8-c4972e53d54d,aa228c59-bed9-4c2b-af24-6f238d33f95f,4f37e0ee-e916-47ea-affc-4d01665bb2db,view,23276717ad37474f9ecd806b421d16dd,"{""referrer"": ""search"", ""dwell_sec"": 31}",2025-08-26 18:27:00.756240+00
3cee04e3-87e4-4dab-b2bb-872f46444c3a,aa228c59-bed9-4c2b-af24-6f238d33f95f,783a36aa-334d-4e88-88cf-65b04f6a0fc3,search_click,23276717ad37474f9ecd806b421d16dd,"{""query"": ""casual everyday formal"", ""rank"": 4, ""device"": ""mobile""}",2025-08-26 18:27:51.756240+00
2da868ef-9504-484c-8730-9440f0cc0b9a,aa228c59-bed9-4c2b-af24-6f238d33f95f,783a36aa-334d-4e88-88cf-65b04f6a0fc3,view,23276717ad37474f9ecd806b421d16dd,"{""referrer"": ""search"", ""dwell_sec"": 54}",2025-08-26 18:28:08.756240+00
